"","Name","Owner","Created","Pushed","Watchers","Forks","CRAN","Package","YearCreated"
"1","ML_for_Hackers","johnmyleswhite","2012-02-10","2013-12-13",1860,1328,NA,"Other","2012"
"2","ggplot2","hadley","2008-05-25","2015-08-26",1425,502,"2015-03-17","CRAN","2008"
"3","shiny","rstudio","2012-06-20","2015-08-26",1361,700,"2015-08-05","CRAN","2012"
"4","swirl_courses","swirldev","2014-02-23","2015-08-17",1208,3195,NA,"Other","2014"
"5","AnomalyDetection","twitter","2014-12-09","2015-08-21",1123,181,NA,"Other","2014"
"6","devtools","hadley","2010-05-03","2015-08-26",1089,327,"2015-05-09","CRAN","2010"
"7","knitr","yihui","2011-10-17","2015-08-21",982,440,"2015-08-14","CRAN","2011"
"8","awesome-R","qinwf","2014-07-19","2015-08-07",879,312,NA,"Other","2014"
"9","benchm-ml","szilard","2015-03-28","2015-08-21",647,64,NA,"Other","2015"
"10","slidify","ramnathv","2012-06-07","2015-06-10",575,236,NA,"Other","2012"
"11","SparkR-pkg","amplab-extras","2013-12-21","2015-05-29",517,240,NA,"Other","2013"
"12","ggvis","rstudio","2013-04-30","2015-06-22",468,134,"2015-06-06","CRAN","2013"
"13","ggthemes","jrnold","2012-09-07","2015-08-16",450,96,"2015-07-01","CRAN","2012"
"14","plyr","hadley","2008-11-19","2015-08-06",404,94,"2015-06-12","CRAN","2008"
"15","CausalImpact","google","2014-08-08","2015-08-13",394,51,NA,"Other","2014"
"16","rvest","hadley","2014-07-23","2015-07-21",393,85,"2015-01-01","CRAN","2014"
"17","httr","hadley","2011-11-11","2015-08-25",376,1060,"2015-06-25","CRAN","2011"
"18","r-ninja","yihui","2012-03-19","2015-08-07",367,194,NA,"Other","2012"
"19","ProjectTemplate","johnmyleswhite","2010-08-24","2015-08-24",357,96,"2014-10-06","CRAN","2010"
"20","rmarkdown","rstudio","2014-01-22","2015-08-25",355,200,"2015-06-13","CRAN","2014"
"21","swirl","swirldev","2013-10-12","2015-08-19",338,250,"2015-01-04","CRAN","2013"
"22","labs","genomicsclass","2013-12-12","2015-08-26",337,770,NA,"Other","2013"
"23","DiagrammeR","rich-iannone","2014-12-28","2015-08-26",336,53,"2015-06-11","CRAN","2014"
"24","wesanderson","karthik","2014-03-18","2015-04-26",296,31,"2015-01-22","CRAN","2014"
"25","ProgrammingAssignment2","rdpeng","2014-01-14","2015-08-25",278,70172,NA,"Other","2014"
"26","magrittr","smbache","2014-01-01","2015-08-13",275,40,"2014-11-22","CRAN","2014"
"27","Caffo-Coursera","bcaffo","2012-06-27","2015-04-29",273,535,NA,"Other","2012"
"28","broom","dgrtwo","2014-09-11","2015-08-24",269,48,"2015-05-06","CRAN","2014"
"29","htmlwidgets","ramnathv","2014-07-17","2015-08-15",266,65,"2015-06-21","CRAN","2014"
"30","IRkernel","IRkernel","2014-02-26","2015-08-17",262,46,NA,"Other","2014"
"31","MLNotes","johnmyleswhite","2012-07-21","2012-08-05",260,54,NA,"Other","2012"
"32","testthat","hadley","2009-09-02","2015-08-06",246,111,"2015-05-22","CRAN","2009"
"33","SIT","systematicinvestor","2011-10-03","2015-07-14",241,234,NA,"Other","2011"
"34","BanditsBook","johnmyleswhite","2012-10-25","2013-12-10",239,86,NA,"Other","2012"
"35","asdfree","ajdamico","2012-07-04","2015-08-25",225,217,NA,"Other","2012"
"36","mlr","mlr-org","2013-08-29","2015-08-25",223,72,"2015-06-13","CRAN","2013"
"37","r-source","wch","2012-09-08","2015-08-27",205,57,NA,"Other","2012"
"38","SimpleAintEasy","johnmyleswhite","2014-02-19","2014-03-06",202,15,NA,"Other","2014"
"39","leo-senate-model","TheUpshot","2014-04-22","2014-05-02",202,45,NA,"Other","2014"
"40","tidyr","hadley","2014-06-10","2015-08-25",200,57,"2014-12-05","CRAN","2014"
"41","ggplot2-tutorial","echen","2012-01-17","2012-10-07",199,67,NA,"Other","2012"
"42","googlesheets","jennybc","2014-10-24","2015-08-08",199,26,"2015-07-05","CRAN","2014"
"43","plotly","ropensci","2013-11-21","2015-08-26",192,55,NA,"Other","2013"
"44","learnR","renkun-ken","2014-04-03","2015-06-08",187,141,NA,"Other","2014"
"45","opencpu","jeroenooms","2013-05-21","2015-06-23",177,42,"2015-01-31","CRAN","2013"
"46","build-emacs","caldwell","2011-06-18","2015-05-12",168,23,NA,"Other","2011"
"47","lubridate","hadley","2009-03-11","2015-05-13",168,65,"2013-12-31","CRAN","2009"
"48","twitter-sentiment-analysis-tutorial-201107","jeffreybreen","2011-07-13","2011-07-13",167,173,NA,"Other","2011"
"49","caret","topepo","2014-05-16","2015-08-24",156,97,"2015-07-17","CRAN","2014"
"50","forecast","robjhyndman","2012-04-22","2015-08-19",154,69,"2015-05-12","CRAN","2012"
"51","roxygen","klutometis","2011-05-18","2015-08-22",151,71,NA,"Other","2011"
"52","twitteR","geoffjentry","2011-08-10","2015-08-09",149,106,"2015-07-29","CRAN","2011"
"53","ida","briatte","2013-01-16","2014-12-13",147,36,NA,"Other","2013"
"54","bayesian_first_aid","rasmusab","2014-01-04","2015-08-12",145,14,NA,"Other","2014"
"55","googleVis","mages","2014-02-09","2015-08-26",145,69,"2015-07-04","CRAN","2014"
"56","renjin","bedatadriven","2012-12-29","2015-08-25",144,30,NA,"Other","2012"
"57","hadoop-R","jseidman","2011-07-22","2012-10-17",142,62,NA,"Other","2011"
"58","editR","swarm-lab","2015-01-01","2015-05-23",142,16,NA,"Other","2015"
"59","ggthemr","cttobin","2013-10-06","2015-06-28",137,21,NA,"Other","2013"
"60","agency-loan-level","toddwschneider","2015-06-09","2015-06-09",137,29,NA,"Other","2015"
"61","rappor","google","2014-10-16","2015-08-20",134,26,NA,"Other","2014"
"62","packrat","rstudio","2013-10-08","2015-07-30",131,32,"2015-06-16","CRAN","2013"
"63","pander","Rapporter","2012-05-25","2015-08-25",129,35,"2015-05-18","CRAN","2012"
"64","rstan","stan-dev","2013-05-22","2015-08-27",128,40,"2015-07-18","CRAN","2013"
"65","rplos","ropensci","2011-06-02","2015-08-25",123,85,"2015-08-05","CRAN","2011"
"66","dirichlet-process","echen","2012-03-20","2015-04-15",123,29,NA,"Other","2012"
"67","reshape","hadley","2008-08-20","2015-08-26",120,38,"2014-04-23","CRAN","2008"
"68","d3Network","christophergandrud","2013-06-12","2015-01-31",118,36,"2015-01-31","CRAN","2013"
"69","rga","skardhamar","2012-11-27","2015-08-24",116,69,NA,"Other","2012"
"70","revere","kjhealy","2013-06-10","2015-01-27",114,40,NA,"Other","2013"
"71","ggmap","dkahle","2011-11-29","2015-08-20",112,55,"2015-08-21","CRAN","2011"
"72","networkD3","christophergandrud","2014-08-01","2015-08-25",112,71,"2015-08-25","CRAN","2014"
"73","remake","richfitz","2014-09-06","2015-07-29",110,10,NA,"Other","2014"
"74","engsoccerdata","jalapic","2014-08-01","2015-07-27",109,44,NA,"Other","2014"
"75","top-github-users-data","JJ","2014-12-04","2015-08-26",109,18,NA,"Other","2014"
"76","shiny-salesman","toddwschneider","2014-09-14","2014-10-02",108,26,NA,"Other","2014"
"77","osd-street-center-line","Chicago","2013-01-26","2015-08-03",107,25,NA,"Other","2013"
"78","purrr","hadley","2014-11-29","2015-08-25",104,24,NA,"Other","2014"
"79","Intro","rstudio","2014-11-11","2014-11-12",102,117,NA,"Other","2014"
"80","stringr","hadley","2009-11-08","2015-08-05",101,34,"2015-04-30","CRAN","2009"
"81","knitcitations","cboettig","2012-03-25","2015-06-10",101,21,"2015-05-26","CRAN","2012"
"82","lintr","jimhester","2014-09-28","2015-08-12",101,17,"2014-12-01","CRAN","2014"
"83","shinyapps","rstudio","2013-09-27","2015-07-14",100,90,NA,"Other","2013"
"84","RHive","nexr","2011-10-27","2015-08-03",99,48,NA,"Other","2011"
"85","bigrquery","hadley","2013-05-22","2015-07-04",99,42,"2015-01-13","CRAN","2013"
"86","Rfacebook","pablobarbera","2013-10-14","2015-08-22",99,95,"2015-08-07","CRAN","2013"
"87","data-science-r","jmstanto","2012-05-24","2012-06-11",95,117,NA,"Other","2012"
"88","testdat","ropensci","2013-09-23","2014-09-11",95,16,NA,"Other","2013"
"89","rbokeh","bokeh","2014-12-14","2015-07-23",93,16,NA,"Other","2014"
"90","r-tutorials","ranalytics","2014-12-01","2015-06-24",92,44,NA,"Other","2014"
"91","git-submodule-tools","kollerma","2011-03-18","2014-03-28",92,13,NA,"Other","2011"
"92","DistributedR","vertica","2014-08-01","2015-08-26",91,32,NA,"Other","2014"
"93","example-models","stan-dev","2014-08-08","2015-08-20",89,65,NA,"Other","2014"
"94","Rook","jeffreyhorner","2011-04-21","2015-07-30",88,20,"2014-10-20","CRAN","2011"
"95","choroplethr","trulia","2014-01-08","2015-03-09",87,36,"2015-05-05","CRAN","2014"
"96","DT","rstudio","2014-11-11","2015-08-26",87,27,"2015-06-09","CRAN","2014"
"97","evsrc","armish","2014-12-10","2014-12-19",87,10,NA,"Other","2014"
"98","pipeR","renkun-ken","2014-04-07","2015-07-29",86,19,"2015-07-08","CRAN","2014"
"99","RNeo4j","nicolewhite","2014-05-08","2015-08-17",83,25,NA,"Other","2014"
"100","MathematicsBiostatisticsBootCamp2","bcaffo","2013-01-28","2013-11-12",82,204,NA,"Other","2013"
"101","data-baby-names","hadley","2009-05-15","2009-10-21",81,50,NA,"Other","2009"
"102","R6","wch","2014-05-07","2015-08-19",81,16,"2015-08-19","CRAN","2014"
"103","ML-Email-Code","drewconway","2011-11-14","2012-01-19",79,32,NA,"Other","2011"
"104","ReporteRs","davidgohel","2014-01-27","2015-08-04",79,16,"2015-08-03","CRAN","2014"
"105","stationaRy","rich-iannone","2013-11-21","2015-08-22",78,9,"2015-06-23","CRAN","2013"
"106","RGoogleAnalytics","Tatvic","2014-05-14","2015-06-21",78,54,"2014-08-16","CRAN","2014"
"107","dagdata","genomicsclass","2015-01-13","2015-08-26",78,284,NA,"Other","2015"
"108","staticdocs","hadley","2012-03-15","2015-07-21",77,36,NA,"Other","2012"
"109","theBioBucket-Archives","gimoya","2011-12-08","2015-04-10",76,62,NA,"Other","2011"
"110","meme","leeper","2014-06-15","2015-04-25",75,7,NA,"Other","2014"
"111","PivotalR","pivotalsoftware","2013-05-01","2015-08-05",75,29,"2015-01-03","CRAN","2013"
"112","Bioinformatics-Training","PacificBiosciences","2013-01-02","2015-06-09",74,28,NA,"Other","2013"
"113","baseball_R","maxtoki","2013-03-17","2015-01-08",74,98,NA,"Other","2013"
"114","covr","jimhester","2014-12-21","2015-08-24",74,23,"2015-06-25","CRAN","2014"
"115","Elements-of-Statistical-Learning","ajtulloch","2012-04-02","2013-11-10",74,34,NA,"Other","2012"
"116","foodborne_classifier","corynissen","2013-04-23","2014-02-04",73,67,NA,"Other","2013"
"117","rio","leeper","2015-02-23","2015-07-01",73,7,"2015-05-07","CRAN","2015"
"118","cranvas","ggobi","2010-12-16","2015-03-13",71,15,NA,"Other","2010"
"119","titanic","trevorstephens","2014-01-10","2014-01-19",71,138,NA,"Other","2014"
"120","likert","jbryer","2012-05-04","2015-05-05",71,39,"2014-10-17","CRAN","2012"
"121","phyloseq","joey711","2011-08-11","2015-08-20",70,33,NA,"Other","2011"
"122","R-Tutorials","JulianHill","2013-09-19","2014-10-13",70,77,NA,"Other","2013"
"123","caretEnsemble","zachmayer","2013-03-01","2015-08-12",70,29,"2015-01-16","CRAN","2013"
"124","rpivotTable","smartinsightsfromdata","2015-01-19","2015-07-11",69,14,NA,"Other","2015"
"125","doconce","hplgit","2013-08-11","2015-08-26",68,9,NA,"Other","2013"
"126","spacetime-vis","oscarperpinan","2012-06-01","2015-05-12",68,49,NA,"Other","2012"
"127","formatR","yihui","2010-11-16","2015-04-30",67,16,"2015-04-21","CRAN","2010"
"128","TeachingMaterial","lgatto","2013-05-10","2015-03-30",66,29,NA,"Other","2013"
"129","formattable","renkun-ken","2015-04-02","2015-08-24",66,9,NA,"Other","2015"
"130","animint","tdhock","2013-02-25","2015-08-21",66,23,NA,"Other","2013"
"131","shinyAce","trestletech","2013-10-11","2015-06-29",65,12,"2013-11-05","CRAN","2013"
"132","rex","kevinushey","2014-09-23","2015-07-16",65,6,"2015-04-28","CRAN","2014"
"133","ggnet","briatte","2013-06-08","2015-08-15",64,10,NA,"Other","2013"
"134","reports","trinker","2013-02-18","2015-07-03",64,13,"2014-12-21","CRAN","2013"
"135","WikiLeaks_Analysis","drewconway","2010-08-01","2011-03-09",63,9,NA,"Other","2010"
"136","extrafont","wch","2012-05-17","2014-12-08",63,15,"2014-12-08","CRAN","2012"
"137","shinystan","stan-dev","2015-02-25","2015-08-21",63,15,"2015-08-10","CRAN","2015"
"138","quanteda","kbenoit","2012-08-15","2015-08-26",63,11,"2015-08-18","CRAN","2012"
"139","facebook-data-mining","datamgmt","2012-06-03","2012-06-14",62,47,NA,"Other","2012"
"140","fio_scripts","khailey","2012-07-25","2015-01-20",62,24,NA,"Other","2012"
"141","sparkline","htmlwidgets","2014-07-18","2015-06-10",62,15,NA,"Other","2014"
"142","ggbiplot","vqv","2011-10-23","2015-07-17",62,36,NA,"Other","2011"
"143","lambda.r","zatonovo","2012-07-18","2015-03-20",62,6,"2015-03-20","CRAN","2012"
"144","pryr","hadley","2013-01-07","2015-06-22",61,26,"2015-06-20","CRAN","2013"
"145","cowsay","sckott","2013-10-11","2015-06-18",61,17,NA,"Other","2013"
"146","r_recommendation_system","johnmyleswhite","2010-10-07","2010-11-26",61,33,NA,"Other","2010"
"147","tiq-test","mlsecproject","2014-03-30","2015-06-17",61,16,NA,"Other","2014"
"148","jasp-desktop","jasp-stats","2013-06-01","2015-08-26",61,34,NA,"Other","2013"
"149","shinyBS","ebailey78","2014-01-21","2015-04-28",60,18,"2015-03-31","CRAN","2014"
"150","bigrf","aloysius-lim","2013-01-31","2015-01-18",60,19,"2014-05-16","CRAN","2013"
"151","waffle","hrbrmstr","2015-03-18","2015-06-15",60,9,"2015-03-23","CRAN","2015"
"152","rredis","bwlewis","2010-01-26","2015-08-06",60,18,"2015-07-05","CRAN","2010"
"153","houseofcunha","nazareno","2015-05-30","2015-08-27",60,6,NA,"Other","2015"
"154","openxlsx","awalker89","2014-04-25","2015-08-25",59,15,"2015-07-03","CRAN","2014"
"155","medley","mewo2","2013-01-20","2013-01-20",58,11,NA,"Other","2013"
"156","pixiedust","nutterb","2015-07-23","2015-08-19",58,4,"2015-08-03","CRAN","2015"
"157","shinyjs","daattali","2015-01-26","2015-08-25",58,8,"2015-08-13","CRAN","2015"
"158","FootballData","jokecamp","2013-12-15","2015-08-26",58,33,NA,"Other","2013"
"159","edX-Learning-From-Data-Solutions","kirbs-","2013-10-07","2014-01-15",57,50,NA,"Other","2013"
"160","Latent-Factor-Models","beechung","2011-10-14","2012-02-29",57,42,NA,"Other","2011"
"161","taxize","ropensci","2011-05-19","2015-08-26",57,17,"2015-08-07","CRAN","2011"
"162","rDrop","karthik","2012-03-01","2015-04-23",56,17,NA,"Other","2012"
"163","rnaseq_tutorial","griffithlab","2014-07-31","2015-07-31",55,30,NA,"Other","2014"
"164","JAGSExamples","johnmyleswhite","2012-02-10","2012-04-26",55,15,NA,"Other","2012"
"165","elastic","ropensci","2013-11-14","2015-08-26",55,12,"2015-07-03","CRAN","2013"
"166","pitchRx","cpsievert","2012-08-06","2015-07-14",54,9,"2015-04-04","CRAN","2012"
"167","osd-building-footprints","Chicago","2013-02-07","2015-08-15",54,16,NA,"Other","2013"
"168","home","grettke","2014-06-17","2015-06-21",54,8,NA,"Other","2014"
"169","swirl_OLD","ncarchedi","2013-06-24","2014-01-21",54,24,NA,"Other","2013"
"170","UnidecodeR","rich-iannone","2014-04-18","2015-04-27",53,5,NA,"Other","2014"
"171","blenditbayes","woobe","2013-06-17","2014-09-19",53,57,NA,"Other","2013"
"172","pride","chrisnager","2015-06-29","2015-06-29",53,1,NA,"Other","2015"
"173","circlize","jokergoo","2013-04-18","2015-08-18",52,11,"2015-08-19","CRAN","2013"
"174","rRack","jeffreyhorner","2011-02-15","2012-01-12",52,2,NA,"Other","2011"
"175","RSocrata","Chicago","2013-09-16","2015-07-25",52,29,"2015-07-13","CRAN","2013"
"176","r-python","hadley","2013-11-26","2013-11-30",52,11,NA,"Other","2013"
"177","corrplot","taiyun","2011-12-04","2015-06-25",51,18,"2013-10-15","CRAN","2011"
"178","pystr","nicolewhite","2015-07-13","2015-08-06",51,2,"2015-07-14","CRAN","2015"
"179","R-Websockets","rstudio","2011-04-17","2014-08-24",50,25,NA,"Other","2011"
"180","animation","yihui","2010-11-16","2015-08-16",50,31,"2015-08-16","CRAN","2010"
"181","art-r-translation","cosname","2013-06-05","2014-07-12",50,74,NA,"Other","2013"
"182","lavaan","yrosseel","2011-04-27","2015-07-31",50,14,"2015-04-06","CRAN","2011"
"183","ganalytics","jdeboer","2013-05-25","2015-08-23",50,24,NA,"Other","2013"
"184","ShinyEd","ShinyEd","2013-11-18","2015-01-21",49,63,NA,"Other","2013"
"185","quandl-r","quandl","2013-03-01","2015-08-26",49,27,NA,"Other","2013"
"186","r-slopegraph","jkeirstead","2011-07-16","2013-12-12",49,25,NA,"Other","2011"
"187","trelliscope","tesseradata","2013-04-05","2015-07-31",49,17,NA,"Other","2013"
"188","streamR","pablobarbera","2013-03-05","2015-07-27",48,28,"2014-01-07","CRAN","2013"
"189","rhdfs","RevolutionAnalytics","2013-02-05","2013-11-11",48,56,NA,"Other","2013"
"190","ggsubplot","garrettgman","2012-09-03","2015-07-09",48,12,"2013-12-14","CRAN","2012"
"191","dou-salaries","imax","2011-05-26","2015-07-02",48,13,NA,"Other","2011"
"192","installr","talgalili","2013-03-01","2015-08-18",48,26,"2015-06-13","CRAN","2013"
"193","rigraph","igraph","2015-01-05","2015-08-13",48,20,NA,"Other","2015"
"194","broman","kbroman","2009-04-28","2015-08-26",48,14,"2015-08-05","CRAN","2009"
"195","rentrez","ropensci","2012-02-11","2015-08-05",47,11,"2015-06-26","CRAN","2012"
"196","scholar","jkeirstead","2013-10-21","2015-04-25",47,11,"2014-08-22","CRAN","2013"
"197","sas7bdat","BioStatMatt","2011-04-18","2015-03-13",47,12,"2014-06-04","CRAN","2011"
"198","rethinking","rmcelreath","2013-03-07","2015-07-20",47,13,NA,"Other","2013"
"199","gender","ropensci","2014-02-19","2015-08-26",47,4,"2015-08-22","CRAN","2014"
"200","rnoaa","ropensci","2013-07-08","2015-08-25",47,14,"2015-07-08","CRAN","2013"
"201","WDI","vincentarelbundock","2012-04-01","2014-03-26",47,21,"2013-08-20","CRAN","2012"
"202","beepr","rasmusab","2014-01-26","2015-06-17",47,5,"2015-06-14","CRAN","2014"
"203","tidyjson","sailthru","2014-09-14","2015-05-15",46,3,"2015-05-02","CRAN","2014"
"204","datacamp","Data-Camp","2013-12-28","2015-08-19",46,15,NA,"Other","2013"
"205","BatchJobs","tudo-r","2013-11-05","2015-08-13",46,13,"2015-03-18","CRAN","2013"
"206","opencpu-legacy","jeroenooms","2012-02-27","2013-03-08",45,12,NA,"Other","2012"
"207","shiny-sandbox","trestletech","2012-10-26","2013-02-22",45,40,NA,"Other","2012"
"208","RSiteCatalyst","randyzwitch","2013-03-08","2015-08-27",45,22,"2015-08-15","CRAN","2013"
"209","R-Network-Visualization-Workshop","kateto","2015-06-19","2015-06-29",45,17,NA,"Other","2015"
"210","redshift-r","pingles","2013-04-30","2015-04-02",45,14,NA,"Other","2013"
"211","wakefield","trinker","2015-04-14","2015-08-07",45,7,NA,"Other","2015"
"212","gapminder","jennybc","2014-10-25","2015-07-30",44,22,"2015-03-17","CRAN","2014"
"213","analogsea","sckott","2014-05-24","2015-08-12",44,4,NA,"Other","2014"
"214","latex2exp","stefano-meschiari","2015-06-11","2015-08-11",44,0,"2015-08-12","CRAN","2015"
"215","assertthat","hadley","2013-04-09","2015-07-24",44,14,"2013-12-06","CRAN","2013"
"216","r_tutorial_ed","jknowles","2012-02-15","2013-07-30",44,46,NA,"Other","2012"
"217","slopegraph","leeper","2013-12-01","2015-07-29",44,6,NA,"Other","2013"
"218","SuperLearner","ecpolley","2011-04-16","2015-07-28",44,12,"2014-07-21","CRAN","2011"
"219","openWAR","beanumber","2013-07-15","2015-07-31",43,18,NA,"Other","2013"
"220","doctree","rurema","2013-06-02","2015-08-22",43,40,NA,"Other","2013"
"221","ggplot2-translation","cosname","2012-03-28","2013-06-06",43,29,NA,"Other","2012"
"222","ggfortify","sinhrks","2014-10-05","2015-08-20",43,11,NA,"Other","2014"
"223","mason","metacran","2015-06-02","2015-08-21",43,1,NA,"Other","2015"
"224","geojsonio","ropensci","2014-04-01","2015-08-24",43,15,"2015-08-12","CRAN","2014"
"225","Play-Econometrics-with-R","cloudly","2010-01-01","2012-05-10",42,35,NA,"Other","2010"
"226","scales","hadley","2010-11-08","2015-08-25",42,26,"2015-08-25","CRAN","2010"
"227","doRedis","bwlewis","2010-04-27","2015-08-19",42,11,"2014-04-03","CRAN","2010"
"228","checkpoint","RevolutionAnalytics","2014-06-03","2015-08-26",42,14,"2015-04-28","CRAN","2014"
"229","docopt.R","docopt","2013-11-05","2015-07-31",41,5,NA,"Other","2013"
"230","R","dmpe","2013-03-02","2015-08-21",41,99,NA,"Other","2013"
"231","sand","kolaczyk","2014-02-24","2015-01-16",41,32,"2014-04-24","CRAN","2014"
"232","modules","klmr","2013-05-22","2015-08-13",41,2,NA,"Other","2013"
"233","rdrop2","karthik","2015-03-31","2015-07-01",41,8,"2015-07-31","CRAN","2015"
"234","bigquery-examples","googlegenomics","2014-04-11","2015-04-15",41,24,NA,"Other","2014"
"235","infochimps","drewconway","2010-11-20","2011-03-22",40,2,NA,"Other","2010"
"236","tutorial-201203-big-data","jeffreybreen","2012-03-10","2012-09-24",40,18,NA,"Other","2012"
"237","rlist","renkun-ken","2014-06-01","2015-08-04",40,8,"2015-07-09","CRAN","2014"
"238","RMendeley","ropensci","2011-05-06","2014-08-20",40,7,NA,"Other","2011"
"239","decumar","hadley","2008-08-08","2011-03-25",40,0,NA,"Other","2008"
"240","ggally","ggobi","2011-02-19","2015-06-30",40,31,NA,"Other","2011"
"241","whisker","edwindj","2011-07-28","2015-07-31",40,8,"2013-04-28","CRAN","2011"
"242","datadr","tesseradata","2013-04-05","2015-06-17",40,10,NA,"Other","2013"
"243","muxViz","manlius","2013-11-18","2015-07-03",40,10,NA,"Other","2013"
"244","quantmod","joshuaulrich","2015-01-31","2015-07-24",39,35,"2015-07-24","CRAN","2015"
"245","reprex","jennybc","2015-08-25","2015-08-26",39,3,NA,"Other","2015"
"246","devel","sjPlot","2014-12-03","2015-08-26",39,11,NA,"Other","2014"
"247","HiveR","bryanhanson","2011-10-23","2015-07-27",39,7,"2015-07-27","CRAN","2011"
"248","R-vs-Python","sjmgarnier","2014-01-05","2014-03-12",39,9,NA,"Other","2014"
"249","AzureML-Regression-Example","Quantia-Analytics","2014-11-06","2015-08-06",39,30,NA,"Other","2014"
"250","secure","hadley","2014-10-07","2014-10-24",39,6,NA,"Other","2014"
"251","lazyeval","hadley","2014-08-12","2015-08-16",39,15,"2015-01-02","CRAN","2014"
"252","vegan","vegandevs","2012-02-13","2015-08-26",39,17,"2015-05-26","CRAN","2012"
"253","R2D3","jamesthomson","2014-07-12","2015-08-26",39,11,NA,"Other","2014"
"254","gistr","ropensci","2014-05-21","2015-08-26",39,7,"2015-07-03","CRAN","2014"
"255","quickcheck","RevolutionAnalytics","2013-02-05","2015-06-13",38,13,NA,"Other","2013"
"256","R-Programs","ezgraphs","2010-07-15","2012-05-17",38,19,NA,"Other","2010"
"257","stm","bstewart","2014-02-04","2015-07-22",38,8,"2015-07-28","CRAN","2014"
"258","Mining_Twitter","gastonstat","2012-06-03","2012-06-04",38,33,NA,"Other","2012"
"259","ComplexHeatmap","jokergoo","2015-01-29","2015-08-25",38,16,NA,"Other","2015"
"260","Datadives","datakind","2011-10-17","2012-05-12",38,15,NA,"Other","2011"
"261","DBI","rstats-db","2013-10-16","2015-07-18",38,10,"2014-09-24","CRAN","2013"
"262","servr","yihui","2013-09-13","2015-08-10",38,7,"2015-03-30","CRAN","2013"
"263","maxygen","gaborcsardi","2015-08-04","2015-08-05",38,0,NA,"Other","2015"
"264","ggcounty","hrbrmstr","2014-04-17","2014-04-18",38,6,NA,"Other","2014"
"265","twitterchive","stephenturner","2013-03-12","2015-03-25",37,12,NA,"Other","2013"
"266","Rdataviz","pablobarbera","2013-10-11","2014-03-06",37,44,NA,"Other","2013"
"267","rgithub","cscheid","2013-02-28","2015-08-17",37,15,NA,"Other","2013"
"268","AAA2011-Tweets","benmarwick","2011-12-14","2013-11-20",37,44,NA,"Other","2011"
"269","captioner","adletaw","2014-12-01","2015-08-25",37,8,"2015-07-16","CRAN","2014"
"270","CIDA-Viz","USGS-CIDA","2014-08-29","2015-08-20",37,32,NA,"Other","2014"
"271","pecan","PecanProject","2012-11-25","2015-08-24",37,62,NA,"Other","2012"
"272","fitbitScraper","corynissen","2015-01-22","2015-07-01",37,10,"2015-07-01","CRAN","2015"
"273","shinyRGL","trestletech","2013-08-31","2015-06-29",36,17,"2013-10-13","CRAN","2013"
"274","rsqlserver","agstudy","2013-11-01","2015-07-22",36,16,NA,"Other","2013"
"275","ballgown","alyssafrazee","2013-04-18","2015-06-29",36,20,NA,"Other","2013"
"276","DeviumWeb","dgrapov","2014-01-03","2015-05-14",36,22,NA,"Other","2014"
"277","datascience","theofpa","2014-04-07","2014-12-06",36,164,NA,"Other","2014"
"278","Bios6301","fonnesbeck","2011-04-13","2015-08-26",36,18,NA,"Other","2011"
"279","vadr","crowding","2012-09-23","2015-07-01",35,1,NA,"Other","2012"
"280","globalnamedata","OpenGenderTracking","2013-03-05","2013-10-24",35,3,NA,"Other","2013"
"281","JSTORr","benmarwick","2013-04-24","2015-08-19",35,12,NA,"Other","2013"
"282","shiny-jsdemo","wch","2013-05-15","2013-06-03",35,28,NA,"Other","2013"
"283","dengyishuo.github.com","dengyishuo","2013-03-23","2014-09-18",35,47,NA,"Other","2013"
"284","leafletR","chgrl","2014-03-14","2015-07-09",35,17,"2015-05-30","CRAN","2014"
"285","import","smbache","2015-03-06","2015-06-29",35,2,"2015-06-22","CRAN","2015"
"286","IKTrading","IlyaKipnis","2014-05-24","2015-02-03",35,41,NA,"Other","2014"
"287","osd-bike-racks","Chicago","2013-02-07","2013-02-09",34,6,NA,"Other","2013"
"288","arcdiagram","gastonstat","2013-01-31","2014-09-14",34,13,NA,"Other","2013"
"289","RDatasets.jl","johnmyleswhite","2012-11-24","2015-06-03",34,12,NA,"Other","2012"
"290","rgbif","ropensci","2011-08-26","2015-07-31",34,14,"2015-07-24","CRAN","2011"
"291","itch.io","leafo","2014-04-04","2015-06-20",34,1,NA,"Other","2014"
"292","code_r","chrisalbon","2013-10-12","2014-12-14",34,12,NA,"Other","2013"
"293","progress","gaborcsardi","2014-10-03","2015-08-13",34,2,"2015-06-05","CRAN","2014"
"294","solrium","ropensci","2013-11-26","2015-08-27",34,10,NA,"Other","2013"
"295","plyrmr","RevolutionAnalytics","2013-07-17","2015-03-25",34,28,NA,"Other","2013"
"296","R4CouchDB","wactbprot","2009-08-09","2015-06-02",34,5,"2015-02-16","CRAN","2009"
"297","explainr","hilaryparker","2015-03-26","2015-07-08",34,9,NA,"Other","2015"
"298","cartodb-r","Vizzuality","2012-05-01","2015-04-06",34,26,NA,"Other","2012"
"299","ggmcmc","xfim","2012-10-17","2015-07-29",34,14,"2015-07-29","CRAN","2012"
"300","SciDBR","Paradigm4","2013-03-06","2015-08-19",34,9,NA,"Other","2013"
"301","rfortraders","hgeorgako","2015-03-11","2015-08-26",34,30,NA,"Other","2015"
"302","ggdendro","andrie","2011-08-06","2015-08-05",33,5,"2014-09-29","CRAN","2011"
"303","ggRandomForests","ehrlinger","2013-01-04","2015-06-15",33,11,"2015-03-29","CRAN","2013"
"304","smappR","SMAPPNYU","2014-02-22","2015-08-22",33,23,NA,"Other","2014"
"305","facebook-page-post-scraper","minimaxir","2015-07-20","2015-07-24",33,11,NA,"Other","2015"
"306","influxdb-r","influxdb","2013-11-14","2015-07-23",33,15,NA,"Other","2013"
"307","MTurkR","leeper","2013-06-09","2015-07-26",33,10,"2015-05-23","CRAN","2013"
"308","Data-Mining-With-R","chengjun","2011-12-03","2012-07-14",33,46,NA,"Other","2011"
"309","bayesian_nonparametrics","johnmyleswhite","2012-06-17","2015-05-06",32,11,NA,"Other","2012"
"310","rHighcharts","metagraf","2012-12-08","2013-04-29",32,17,NA,"Other","2012"
"311","rapport","Rapporter","2011-12-30","2014-12-16",32,10,"2013-05-08","CRAN","2011"
"312","Rlinkedin","mpiccirilli","2015-01-02","2015-06-09",32,18,"2015-05-04","CRAN","2015"
"313","Coursera-R-Programming","Xiaodan","2014-04-18","2015-02-01",32,208,NA,"Other","2014"
"314","Ada","MansMeg","2014-05-21","2014-08-26",32,5,NA,"Other","2014"
"315","runr","yihui","2013-07-23","2015-06-09",32,8,NA,"Other","2013"
"316","shiny-dashboard","reinholdsson","2013-03-30","2013-05-04",32,20,NA,"Other","2013"
"317","ga-dashboard-demo","MarkEdmondson1234","2015-07-12","2015-07-19",32,7,NA,"Other","2015"
"318","stringdist","markvanderloo","2013-01-16","2015-08-21",32,4,"2015-08-21","CRAN","2013"
"319","futile.logger","zatonovo","2011-10-22","2015-04-19",31,9,"2015-04-20","CRAN","2011"
"320","ShinyDash","trestletech","2013-05-30","2013-08-26",31,11,NA,"Other","2013"
"321","rdat","ropensci","2014-02-06","2015-07-04",31,4,NA,"Other","2014"
"322","mailR","rpremraj","2014-02-28","2015-07-06",31,11,"2015-01-14","CRAN","2014"
"323","rOpenSci","ropensci","2011-11-18","2012-03-21",31,1,NA,"Other","2011"
"324","quickmapr","jhollist","2014-09-01","2015-07-07",31,5,NA,"Other","2014"
"325","osd-pedway-routes","Chicago","2013-02-07","2015-08-03",31,23,NA,"Other","2013"
"326","relenium","LluisRamon","2013-07-05","2014-08-21",31,4,NA,"Other","2013"
"327","ggtree","GuangchuangYu","2014-12-03","2015-08-18",31,6,NA,"Other","2014"
"328","ngsTools","mfumagalli","2014-01-06","2015-08-16",31,11,NA,"Other","2014"
"329","devium","dgrapov","2013-01-02","2014-11-20",30,27,NA,"Other","2013"
"330","deepr","woobe","2014-07-15","2015-05-04",30,8,NA,"Other","2014"
"331","NBAdata","Fossj117","2013-12-09","2014-07-15",30,24,NA,"Other","2013"
"332","rVega","metagraf","2013-04-03","2013-04-10",30,8,NA,"Other","2013"
"333","babynames","hadley","2014-05-27","2015-06-05",30,13,"2014-07-22","CRAN","2014"
"334","glmer2stan","rmcelreath","2013-03-07","2014-02-27",30,3,NA,"Other","2013"
"335","oce","dankelley","2010-03-19","2015-08-26",30,8,"2015-05-22","CRAN","2010"
"336","data-housing-crisis","hadley","2009-05-14","2010-04-14",29,6,NA,"Other","2009"
"337","circleplot","mjwestgate","2014-10-08","2015-07-31",29,3,NA,"Other","2014"
"338","crayon","gaborcsardi","2014-09-22","2015-08-13",29,4,"2015-07-13","CRAN","2014"
"339","rmini","yihui","2012-09-12","2015-04-26",29,17,NA,"Other","2012"
"340","mosaic","ProjectMOSAIC","2012-01-11","2015-08-07",28,10,"2015-05-22","CRAN","2012"
"341","drat","eddelbuettel","2015-02-01","2015-08-09",28,26,"2015-08-08","CRAN","2015"
"342","Kaggle-AmazonChallenge2013","owenzhang","2013-10-09","2013-10-09",28,37,NA,"Other","2013"
"343","shiny-d3-showreel","timelyportfolio","2012-12-10","2012-12-10",28,15,NA,"Other","2012"
"344","gap-statistic","echen","2010-11-30","2011-02-17",28,10,NA,"Other","2010"
"345","PerfModels","brendangregg","2012-05-18","2014-12-05",28,3,NA,"Other","2012"
"346","poweRlaw","csgillespie","2012-12-03","2015-08-17",28,12,"2015-08-11","CRAN","2012"
"347","GettingAndCleaningData","benjamin-chan","2014-04-08","2014-05-02",28,195,NA,"Other","2014"
"348","distribution_diagrams","rasmusab","2012-10-14","2014-11-24",28,10,NA,"Other","2012"
"349","SplitR","rich-iannone","2013-12-05","2015-01-24",28,2,NA,"Other","2013"
"350","rbundler","opower","2012-08-16","2015-03-27",28,8,"2014-05-08","CRAN","2012"
"351","statebins","hrbrmstr","2014-08-26","2015-01-30",28,4,"2014-08-27","CRAN","2014"
"352","cxxr","cxxr-devel","2014-06-07","2015-08-21",28,11,NA,"Other","2014"
"353","viridis","sjmgarnier","2015-07-16","2015-08-17",28,6,"2015-07-19","CRAN","2015"
"354","Rllvm","duncantl","2012-04-01","2015-08-23",28,7,NA,"Other","2012"
"355","RDruid","metamx","2013-02-15","2015-06-04",28,7,NA,"Other","2013"
"356","fulltext","ropensci","2014-05-29","2015-08-13",28,7,"2015-08-06","CRAN","2014"
"357","Noise","ManzoorElahi","2014-12-20","2014-12-20",27,8,NA,"Other","2014"
"358","RExRepos","dwoll","2013-02-03","2015-02-15",27,21,NA,"Other","2013"
"359","r-on-github","hadley","2013-07-25","2013-10-30",27,10,NA,"Other","2013"
"360","timeline","jbryer","2013-05-02","2015-05-17",27,11,"2013-05-09","CRAN","2013"
"361","myRproj","qxde01","2013-05-11","2014-01-21",27,25,NA,"Other","2013"
"362","MEFM-package","robjhyndman","2013-11-07","2015-05-21",27,15,NA,"Other","2013"
"363","pullreqs","gousiosg","2012-07-10","2015-07-03",27,13,NA,"Other","2012"
"364","RTikZDevice","Sharpie","2009-05-16","2012-07-15",27,16,NA,"Other","2009"
"365","dplyr_in_a_nutshell","trinker","2014-01-24","2014-10-25",27,5,NA,"Other","2014"
"366","shinyData","yindeng","2014-12-30","2015-03-26",27,10,NA,"Other","2014"
"367","kaggle-allstate","justmarkham","2014-05-05","2014-05-23",27,54,NA,"Other","2014"
"368","Rkoans","DASpringate","2013-05-23","2015-04-25",27,10,NA,"Other","2013"
"369","rsunlight","rOpenGov","2011-12-18","2015-08-11",27,9,"2015-07-01","CRAN","2011"
"370","social-media-workshop","pablobarbera","2015-01-31","2015-02-17",27,11,NA,"Other","2015"
"371","noamtools","noamross","2013-05-02","2015-08-20",27,12,NA,"Other","2013"
"372","anomalous-acm","robjhyndman","2015-05-12","2015-06-02",27,5,NA,"Other","2015"
"373","rbc","lgatto","2013-12-31","2014-11-09",26,16,NA,"Other","2013"
"374","RODProt","QBRC","2013-04-01","2014-01-07",26,1,NA,"Other","2013"
"375","churn201","talentanalytics","2014-02-19","2014-11-02",26,34,NA,"Other","2014"
"376","xlconnect","miraisolutions","2013-02-09","2015-07-28",26,9,NA,"Other","2013"
"377","Rdocumentation","Data-Camp","2013-12-28","2013-12-28",26,34,NA,"Other","2013"
"378","R-Storm","allenday","2012-08-16","2015-05-17",26,11,NA,"Other","2012"
"379","ShinyApps","mwaskom","2013-10-16","2013-11-17",26,9,NA,"Other","2013"
"380","plotflow","trinker","2013-01-17","2015-03-30",26,3,NA,"Other","2013"
"381","codebox","bobthecat","2011-04-06","2013-09-16",26,8,NA,"Other","2011"
"382","ggphylo","gjuggler","2012-02-13","2012-10-03",26,1,NA,"Other","2012"
"383","db.r","yhat","2014-11-07","2014-12-17",26,2,"2014-12-17","CRAN","2014"
"384","internetarchive","ropensci","2015-02-11","2015-03-24",26,0,"2015-03-25","CRAN","2015"
"385","log4r","johnmyleswhite","2010-08-25","2014-10-06",26,7,"2014-09-29","CRAN","2010"
"386","rpushbullet","eddelbuettel","2014-05-24","2015-06-20",26,8,NA,"Other","2014"
"387","gmailr","jimhester","2014-07-09","2015-04-24",26,8,"2014-12-04","CRAN","2014"
"388","GoogleGenomics","Bioconductor","2014-04-29","2015-07-15",26,18,NA,"Other","2014"
"389","dataRetrieval","USGS-R","2013-01-14","2015-08-14",26,15,"2015-08-14","CRAN","2013"
"390","ggplot2bdc","briandconnelly","2014-04-23","2015-02-28",25,1,NA,"Other","2014"
"391","swirlify","swirldev","2014-03-07","2015-08-20",25,31,NA,"Other","2014"
"392","Rdym","wrathematics","2014-10-24","2015-07-07",25,2,NA,"Other","2014"
"393","StatOfMind","tlfvincent","2014-01-26","2015-07-18",25,29,NA,"Other","2014"
"394","opentsdbr","holstius","2013-02-02","2015-08-26",25,11,NA,"Other","2013"
"395","papaja","crsh","2014-07-20","2015-08-26",25,11,NA,"Other","2014"
"396","FeatureHashing","wush978","2014-07-31","2015-08-24",25,13,"2015-03-30","CRAN","2014"
"397","rlp","yihui","2014-12-29","2014-12-30",25,0,NA,"Other","2014"
"398","cn","yihui","2012-02-04","2015-08-25",25,48,NA,"Other","2012"
"399","spocc","ropensci","2013-09-05","2015-08-05",25,11,"2015-07-04","CRAN","2013"
"400","Miscellaneous-R-Code","mclark--","2013-10-31","2015-08-02",25,13,NA,"Other","2013"
"401","nozzle","parklab","2013-01-02","2015-07-17",25,10,NA,"Other","2013"
"402","RPresto","prestodb","2015-03-18","2015-07-22",25,2,NA,"Other","2015"
"403","genomation","BIMSBbioinfo","2011-07-01","2015-08-25",25,11,NA,"Other","2011"
"404","testCoverage","MangoTheCat","2014-09-13","2014-10-02",25,4,NA,"Other","2014"
"405","sentiment_analysis","abromberg","2012-12-31","2013-02-14",25,40,NA,"Other","2012"
"406","theme_fivethirtyeight","alex23lemm","2014-07-29","2014-08-04",24,7,NA,"Other","2014"
"407","Sushi","dphansti","2014-02-19","2015-05-07",24,8,NA,"Other","2014"
"408","dpmr","christophergandrud","2014-08-03","2015-07-05",24,5,"2015-05-22","CRAN","2014"
"409","WikipediR","Ironholds","2014-03-30","2015-06-12",24,5,"2015-05-18","CRAN","2014"
"410","rbm","zachmayer","2014-01-22","2015-05-04",24,7,NA,"Other","2014"
"411","chartist","yutannihilation","2015-01-12","2015-03-22",24,3,NA,"Other","2015"
"412","superzip","jcheng5","2013-12-17","2015-01-30",24,26,NA,"Other","2013"
"413","rsdmx","opensdmx","2013-06-12","2015-08-20",24,14,"2015-07-14","CRAN","2013"
"414","DSTrading","IlyaKipnis","2014-04-03","2014-08-11",24,34,NA,"Other","2014"
"415","ggvis-maps","hrbrmstr","2014-12-29","2014-12-29",24,16,NA,"Other","2014"
"416","Twitter-Congress","drewconway","2011-08-03","2011-09-13",24,6,NA,"Other","2011"
"417","RHIPE","tesseradata","2013-11-18","2015-05-28",24,19,NA,"Other","2013"
"418","rsmith","hadley","2014-03-13","2014-08-22",24,5,NA,"Other","2014"
"419","sfhousing","hadley","2008-10-10","2009-09-29",24,7,NA,"Other","2008"
"420","sqldf","ggrothendieck","2015-03-13","2015-03-25",24,15,"2014-11-07","CRAN","2015"
"421","tabplot","mtennekes","2013-02-22","2015-07-27",24,1,"2014-02-24","CRAN","2013"
"422","streaming-simulations","echen","2012-12-23","2012-12-25",24,1,NA,"Other","2012"
"423","my-r-code","xccds","2012-04-29","2013-06-07",23,20,NA,"Other","2012"
"424","stock_crawler","jincheng9","2014-09-26","2014-09-29",23,13,NA,"Other","2014"
"425","ggExtra","daattali","2015-03-25","2015-08-19",23,4,"2015-07-13","CRAN","2015"
"426","qtl","kbroman","2009-02-12","2015-08-24",23,18,"2015-08-25","CRAN","2009"
"427","rWBclimate","ropensci","2013-03-06","2015-04-05",23,3,"2014-04-19","CRAN","2013"
"428","pgfSweave","cameronbracken","2009-06-22","2013-04-10",23,6,NA,"Other","2009"
"429","colourlovers","leeper","2014-01-24","2015-07-02",23,0,"2014-12-20","CRAN","2014"
"430","shinyStore","trestletech","2014-09-10","2014-09-26",23,1,NA,"Other","2014"
"431","template","cboettig","2014-05-05","2015-06-25",23,9,NA,"Other","2014"
"432","icwsm-14-tutorial","eytan","2014-04-19","2014-06-20",23,6,NA,"Other","2014"
"433","edarf","zmjones","2014-09-04","2015-07-13",23,4,NA,"Other","2014"
"434","anomalous","robjhyndman","2015-05-12","2015-06-02",23,11,NA,"Other","2015"
"435","user2014.github.io","user2014","2013-04-16","2015-01-14",23,27,NA,"Other","2013"
"436","recharts","yihui","2015-04-26","2015-08-17",23,13,NA,"Other","2015"
"437","countrycode","vincentarelbundock","2011-08-17","2015-08-18",23,13,"2014-12-29","CRAN","2011"
"438","codeface","siemens","2013-10-16","2015-08-26",23,12,NA,"Other","2013"
"439","names","hilaryparker","2013-01-30","2014-02-21",22,2,NA,"Other","2013"
"440","samatha","DASpringate","2013-04-24","2013-12-20",22,3,NA,"Other","2013"
"441","gh-emotional-commits","yaph","2012-05-16","2014-10-11",22,4,NA,"Other","2012"
"442","bookdown","hadley","2014-05-13","2015-08-07",22,11,NA,"Other","2014"
"443","DataCombine","christophergandrud","2013-03-10","2015-07-27",22,9,"2015-02-11","CRAN","2013"
"444","openapc-de","OpenAPC","2014-06-17","2015-08-24",22,22,NA,"Other","2014"
"445","memoise","hadley","2010-11-11","2014-05-01",22,13,"2014-04-22","CRAN","2010"
"446","USAboundaries","ropensci","2014-10-09","2015-08-22",22,3,"2014-12-24","CRAN","2014"
"447","rSynapseClient","Sage-Bionetworks","2012-01-28","2015-07-24",22,12,NA,"Other","2012"
"448","rfigshare","ropensci","2012-06-13","2015-06-14",22,4,"2015-06-15","CRAN","2012"
"449","sentiment","timjurka","2012-11-26","2012-11-26",22,31,NA,"Other","2012"
"450","lfda","terrytangyuan","2015-08-10","2015-08-24",22,18,"2015-08-19","CRAN","2015"
"451","mirt","philchalmers","2012-02-03","2015-08-25",22,15,"2015-06-16","CRAN","2012"
"452","BayesFactor","richarddmorey","2013-05-27","2015-08-18",22,11,"2015-03-20","CRAN","2013"
"453","sciclone","genome","2013-02-14","2015-02-16",22,16,NA,"Other","2013"
"454","ggShinyApp","bchartoff","2014-10-08","2015-01-30",22,11,NA,"Other","2014"
"455","TextRegression","johnmyleswhite","2011-10-30","2012-05-13",22,7,NA,"Other","2011"
"456","r-gotchas","mikelove","2014-05-28","2015-07-31",22,3,NA,"Other","2014"
"457","matrixStats","HenrikBengtsson","2014-06-14","2015-08-19",22,10,"2015-06-24","CRAN","2014"
"458","StarWars","gastonstat","2012-07-11","2014-04-11",22,15,NA,"Other","2012"
"459","parallelMap","berndbischl","2013-08-13","2015-06-09",22,2,"2015-06-10","CRAN","2013"
"460","meetup","UVa-R-Users-Group","2014-09-05","2015-04-23",22,25,NA,"Other","2014"
"461","misc","petewerner","2012-04-13","2015-05-18",22,16,NA,"Other","2012"
"462","intRo","gammarama","2014-02-25","2015-08-12",22,12,NA,"Other","2014"
"463","RSkittleBrewer","alyssafrazee","2014-03-06","2014-07-31",22,8,NA,"Other","2014"
"464","sandboxR","Rapporter","2012-04-02","2014-07-27",22,9,NA,"Other","2012"
"465","nifffty","hrbrmstr","2015-06-19","2015-06-19",22,3,NA,"Other","2015"
"466","Shiny-Demos","EconometricsBySimulation","2013-11-18","2014-10-03",22,29,NA,"Other","2013"
"467","talk-201210-data-deluge","jeffreybreen","2012-10-01","2012-10-02",21,9,NA,"Other","2012"
"468","roxygen3","hadley","2012-08-27","2013-11-30",21,6,NA,"Other","2012"
"469","profr","hadley","2008-04-20","2015-08-19",21,4,"2014-04-22","CRAN","2008"
"470","predcomps","dchudz","2013-11-09","2015-06-14",21,8,NA,"Other","2013"
"471","rblocks","ramnathv","2014-03-14","2014-03-28",21,6,NA,"Other","2014"
"472","msd2015","jhofman","2014-12-17","2015-06-17",21,40,NA,"Other","2014"
"473","rfishbase","ropensci","2011-11-18","2015-08-17",21,10,"2015-08-15","CRAN","2011"
"474","rphylopic","sckott","2013-04-07","2015-08-07",21,4,NA,"Other","2013"
"475","workshop","pablobarbera","2013-03-24","2013-03-25",21,39,NA,"Other","2013"
"476","hotnews","mamhamed","2014-04-11","2015-07-20",21,3,NA,"Other","2014"
"477","MachineLearningLectures","smc77","2011-09-28","2014-02-22",21,9,NA,"Other","2011"
"478","RAppArmor","jeroenooms","2012-04-26","2014-08-07",21,7,"2013-12-18","CRAN","2012"
"479","historydata","ropensci","2014-09-22","2015-06-05",21,8,"2014-12-24","CRAN","2014"
"480","ggbio","tengfei","2011-09-06","2014-10-21",21,7,NA,"Other","2011"
"481","R_Google_Analytics","IronistM","2013-03-07","2013-05-10",21,14,NA,"Other","2013"
"482","summarytools","dcomtois","2014-11-22","2015-08-14",21,3,"2015-08-05","CRAN","2014"
"483","brisk","bcaffo","2012-06-20","2014-06-21",21,13,NA,"Other","2012"
"484","Rforecastio","hrbrmstr","2013-09-08","2015-08-21",21,13,NA,"Other","2013"
"485","printr","yihui","2014-04-26","2015-04-28",21,8,NA,"Other","2014"
"486","elasticsearch","tomesch","2014-10-20","2015-01-21",20,1,NA,"Other","2014"
"487","BayesBARUG","dlinzer","2013-11-14","2013-11-14",20,18,NA,"Other","2013"
"488","cranlogs","metacran","2014-10-30","2015-07-27",20,0,"2015-05-07","CRAN","2014"
"489","evaluate","hadley","2008-05-18","2015-08-21",20,9,"2015-08-13","CRAN","2008"
"490","Zelig","IQSS","2013-12-05","2015-05-18",20,8,"2013-09-21","CRAN","2013"
"491","seasonal","christophsax","2013-09-17","2015-08-14",20,11,"2015-08-14","CRAN","2013"
"492","getting-started-bigquery","googlegenomics","2014-09-18","2015-07-07",20,8,NA,"Other","2014"
"493","NeuralNetTools","fawda123","2014-10-07","2015-08-26",20,4,"2015-04-27","CRAN","2014"
"494","RForcecom","hiratake55","2012-02-16","2015-08-26",20,9,"2013-10-23","CRAN","2012"
"495","diversity-dashboard","bufferapp","2015-05-22","2015-08-27",20,4,NA,"Other","2015"
"496","Twitter-Backchannel-Analysis","psychemedia","2012-02-01","2012-11-10",20,3,NA,"Other","2012"
"497","ez","mike-lawrence","2011-02-04","2013-09-13",20,10,"2013-09-13","CRAN","2011"
"498","hows-business","open-city","2012-07-20","2015-07-07",20,12,NA,"Other","2012"
"499","gmailR","trinker","2012-08-30","2014-09-12",20,11,NA,"Other","2012"
"500","R-poll-bias","gka","2013-09-20","2013-09-21",20,6,NA,"Other","2013"
"501","helpr","hadley","2009-11-18","2012-04-09",20,5,NA,"Other","2009"
"502","student-early-warning","dssg","2014-08-20","2015-01-12",20,16,NA,"Other","2014"
"503","Blog-Reference-Functions","tonybreyal","2011-11-11","2012-01-06",20,33,NA,"Other","2011"
"504","googleCharts","jcheng5","2013-07-01","2015-04-09",20,44,NA,"Other","2013"
"505","poirot","ramnathv","2012-06-10","2013-05-16",20,7,NA,"Other","2012"
"506","loggr","smbache","2015-04-12","2015-07-07",20,1,NA,"Other","2015"
"507","rbokeh","ramnathv","2014-12-12","2014-12-16",20,3,NA,"Other","2014"
"508","bioc-refcard","mikelove","2012-12-03","2015-08-04",20,28,NA,"Other","2012"
"509","jammr","Ironholds","2015-05-25","2015-06-26",20,1,NA,"Other","2015"
"510","GLM","bwlewis","2013-07-11","2015-06-03",20,2,NA,"Other","2013"
"511","data.tree","gluc","2015-02-20","2015-08-26",20,2,"2015-04-10","CRAN","2015"
"512","docxtractr","hrbrmstr","2015-08-24","2015-08-26",20,4,NA,"Other","2015"
"513","datamicroarray","ramhiser","2010-10-06","2015-01-06",19,12,NA,"Other","2010"
"514","amazon_employee_access_2013","diefimov","2013-08-01","2013-08-04",19,18,NA,"Other","2013"
"515","tracestack","dgrtwo","2015-04-25","2015-04-29",19,2,NA,"Other","2015"
"516","psData","rOpenGov","2014-01-30","2015-07-28",19,6,"2014-02-23","CRAN","2014"
"517","snippr","dgrtwo","2015-04-14","2015-04-14",19,0,NA,"Other","2015"
"518","netintel","hrbrmstr","2013-02-08","2014-08-30",19,7,NA,"Other","2013"
"519","rjstat","ajschumacher","2013-10-25","2015-08-22",19,3,"2015-05-25","CRAN","2013"
"520","RLLVMCompile","duncantl","2012-04-01","2015-08-23",19,2,NA,"Other","2012"
"521","shinythemes","rstudio","2014-12-05","2015-03-02",19,9,"2015-03-03","CRAN","2014"
"522","slackr","hrbrmstr","2014-09-04","2015-08-17",19,11,"2014-09-08","CRAN","2014"
"523","fantasy-football","seanjtaylor","2013-08-16","2013-08-16",19,2,NA,"Other","2013"
"524","darch","maddin79","2013-07-26","2015-08-26",19,8,"2014-03-16","CRAN","2013"
"525","kaggle-titanic","mattdelhey","2012-12-16","2013-03-22",19,20,NA,"Other","2012"
"526","plyrToDplyr","jimhester","2014-05-22","2014-05-22",19,9,NA,"Other","2014"
"527","polyester","alyssafrazee","2014-05-01","2015-08-13",19,11,NA,"Other","2014"
"528","PuffR","rich-iannone","2013-10-10","2015-01-14",19,5,NA,"Other","2013"
"529","lyx","yihui","2011-11-09","2015-01-18",19,8,NA,"Other","2011"
"530","ExploreModels","WinVector","2014-12-19","2014-12-19",19,8,NA,"Other","2014"
"531","metacran","metacran","2014-03-18","2015-07-15",19,0,NA,"Other","2014"
"532","R-toolbox-py","Esri","2013-02-27","2015-08-03",19,18,NA,"Other","2013"
"533","pROC","xrobin","2011-09-13","2015-07-31",19,1,"2015-05-05","CRAN","2011"
"534","openair","davidcarslaw","2015-01-15","2015-08-20",19,4,"2015-07-23","CRAN","2015"
"535","web-analytics-dashboard","mcpasin","2014-12-20","2015-08-08",19,15,NA,"Other","2014"
"536","r-sample-tools","R-ArcGIS","2015-07-12","2015-08-05",19,3,NA,"Other","2015"
"537","RGoogleDocs","duncantl","2012-04-03","2015-03-18",18,7,NA,"Other","2012"
"538","ShinyDash-Sample","trestletech","2013-05-30","2013-08-26",18,12,NA,"Other","2013"
"539","fun","yihui","2010-12-03","2014-09-26",18,13,"2011-08-12","CRAN","2010"
"540","Presidential-Semantic-Analysis","stathack","2012-10-07","2012-10-24",18,8,NA,"Other","2012"
"541","pairsD3","garthtarr","2015-03-26","2015-07-17",18,4,"2015-04-28","CRAN","2015"
"542","RAdwords","jburkhardt","2014-04-11","2015-08-07",18,15,"2015-08-07","CRAN","2014"
"543","plosOpenR","lagotto","2012-07-05","2013-06-17",18,6,NA,"Other","2012"
"544","gridextra","baptiste","2012-01-08","2015-08-26",18,5,NA,"Other","2012"
"545","RDSTK","rtelmore","2011-05-01","2013-10-15",18,10,"2013-05-15","CRAN","2011"
"546","travis-examples","csgillespie","2013-11-05","2014-05-16",18,4,NA,"Other","2013"
"547","R-videos","campbwa","2014-08-15","2015-01-14",18,25,NA,"Other","2014"
"548","twitter-sentiment-analysis","mjhea0","2012-12-18","2013-07-25",18,64,NA,"Other","2012"
"549","DataTaipei","TaipeiRHackers","2015-05-09","2015-06-08",18,10,NA,"Other","2015"
"550","xslt","hrbrmstr","2015-07-08","2015-07-09",18,1,NA,"Other","2015"
"551","data-analysis-coursera","ahawker","2013-01-09","2013-01-29",18,53,NA,"Other","2013"
"552","Text-Mining-Weak-Signals","arc12","2011-06-30","2012-11-06",18,12,NA,"Other","2011"
"553","plotly-shiny","chriddyp","2015-02-13","2015-05-20",18,32,NA,"Other","2015"
"554","yhat-examples","yhat","2013-08-25","2014-06-11",18,14,NA,"Other","2013"
"555","R2DOCX","davidgohel","2013-05-31","2015-02-05",18,8,NA,"Other","2013"
"556","manuscriptPackage","jhollist","2014-09-15","2014-11-24",18,4,NA,"Other","2014"
"557","tmap","mtennekes","2013-11-25","2015-08-26",18,5,"2015-05-28","CRAN","2013"
"558","rexamples","kmiddleton","2011-06-13","2013-06-11",17,10,NA,"Other","2011"
"559","R-Notes","Diego-F-Pereira","2013-11-06","2014-05-31",17,127,NA,"Other","2013"
"560","rpubmed","rOpenHealth","2013-01-27","2014-03-06",17,9,NA,"Other","2013"
"561","blog-walking-the-beat","bayesimpact","2014-08-11","2014-08-11",17,2,NA,"Other","2014"
"562","derfinder","lcolladotor","2013-07-18","2015-07-10",17,10,NA,"Other","2013"
"563","readstata13","sjewo","2014-08-26","2015-08-24",17,3,"2015-08-07","CRAN","2014"
"564","lego","seankross","2014-08-21","2014-10-14",17,7,NA,"Other","2014"
"565","TTR","joshuaulrich","2014-12-14","2015-07-10",17,12,"2015-07-10","CRAN","2014"
"566","rna-seq-diff-exprn","olgabot","2012-05-18","2012-11-27",17,12,NA,"Other","2012"
"567","Achilles","OHDSI","2014-04-03","2015-08-10",17,15,NA,"Other","2014"
"568","rastervis","oscarperpinan","2013-07-27","2015-08-11",17,6,NA,"Other","2013"
"569","knitron","fhirschmann","2015-01-18","2015-05-21",17,0,NA,"Other","2015"
"570","Coursera-Getting-and-Cleaning-Data","Xiaodan","2014-04-14","2015-02-01",17,190,NA,"Other","2014"
"571","checkmate","mllg","2013-12-27","2015-08-14",17,3,"2015-07-26","CRAN","2013"
"572","swmap","davidbrae","2014-06-20","2015-08-15",17,13,NA,"Other","2014"
"573","GeospatialLineGraphs","Brideau","2014-07-27","2014-08-12",17,8,NA,"Other","2014"
"574","dlanalysis","brendano","2008-05-30","2011-08-26",17,6,NA,"Other","2008"
"575","rport","adjust","2013-09-30","2014-06-01",17,2,NA,"Other","2013"
"576","meta-analyses","timchurches","2013-03-06","2014-02-20",17,4,NA,"Other","2013"
"577","ggplot-cheatsheet","sefakilic","2014-09-12","2014-11-05",17,23,NA,"Other","2014"
"578","iqfeed","bwlewis","2010-04-22","2015-07-27",17,9,NA,"Other","2010"
"579","kfigr","mkoohafkan","2014-06-18","2015-07-14",17,4,"2015-07-15","CRAN","2014"
"580","clisymbols","gaborcsardi","2015-04-14","2015-06-07",17,0,"2015-06-08","CRAN","2015"
"581","rr-init","Reproducible-Science-Curriculum","2014-12-10","2014-12-12",17,7,NA,"Other","2014"
"582","secede-2014","hrbrmstr","2014-09-20","2014-09-20",17,5,NA,"Other","2014"
"583","infuser","Bart6114","2015-05-15","2015-05-30",17,3,"2015-05-27","CRAN","2015"
"584","rrdf","egonw","2011-03-22","2015-08-07",17,4,NA,"Other","2011"
"585","GTFS_Explore_Tool","jcwong86","2012-07-16","2012-08-01",17,2,NA,"Other","2012"
"586","MetaMapR","dgrapov","2013-08-20","2015-05-19",17,16,NA,"Other","2013"
"587","musichackathon","mewo2","2012-07-30","2012-07-30",17,10,NA,"Other","2012"
"588","ngsplot","shenlab-sinai","2015-03-30","2015-05-15",17,8,NA,"Other","2015"
"589","R-Reference-Card","jonasstein","2012-01-11","2013-01-11",17,6,NA,"Other","2012"
"590","solarplot","stephenturner","2013-10-31","2013-10-31",17,11,NA,"Other","2013"
"591","sorvi","louhos","2011-12-30","2014-06-03",16,8,"2015-06-26","CRAN","2011"
"592","Visual-Inference-Tools","garrettgman","2011-06-23","2011-11-27",16,5,NA,"Other","2011"
"593","r-server-template","HarlanH","2011-05-31","2012-06-06",16,3,NA,"Other","2011"
"594","cats","hilaryparker","2014-07-08","2015-03-29",16,3,NA,"Other","2014"
"595","rdom","cpsievert","2015-05-20","2015-06-13",16,2,NA,"Other","2015"
"596","coursera-course-statistics_one","boboppie","2012-09-03","2012-10-17",16,14,NA,"Other","2012"
"597","stackr","dgrtwo","2015-02-04","2015-07-09",16,3,NA,"Other","2015"
"598","qrqc","vsbuffalo","2010-11-28","2013-04-11",16,6,NA,"Other","2010"
"599","ffbase","edwindj","2013-02-20","2015-07-31",16,8,"2015-06-05","CRAN","2013"
"600","rcdimple","timelyportfolio","2015-03-16","2015-08-22",16,5,NA,"Other","2015"
"601","rcdimple","timelyportfolio","2015-03-16","2015-08-22",16,5,NA,"Other","2015"
"602","r","openml","2013-09-13","2015-08-25",16,3,NA,"Other","2013"
"603","DSC2015Tutorial","TaiwanRUserGroup","2015-06-26","2015-08-20",16,16,NA,"Other","2015"
"604","send-email-with-r","jennybc","2014-12-21","2015-01-31",16,4,NA,"Other","2014"
"605","sentimentr","trinker","2015-08-16","2015-08-26",16,0,NA,"Other","2015"
"606","Rproject","kafka399","2010-12-07","2012-03-01",16,6,NA,"Other","2010"
"607","ctv-archaeology","benmarwick","2015-01-19","2015-05-17",16,7,NA,"Other","2015"
"608","neurofiction","fommil","2013-02-16","2013-06-02",16,2,NA,"Other","2013"
"609","ffbase2","edwindj","2014-08-11","2015-07-31",16,2,NA,"Other","2014"
"610","diversitree","richfitz","2012-03-20","2015-06-22",16,6,"2014-02-20","CRAN","2012"
"611","ggplot-tutorial","minimaxir","2015-02-12","2015-02-12",16,5,NA,"Other","2015"
"612","pkgkitten","eddelbuettel","2014-05-22","2015-06-13",16,3,NA,"Other","2014"
"613","RMOA","jwijffels","2014-03-17","2015-07-01",16,7,"2014-09-19","CRAN","2014"
"614","kruschke-doing_bayesian_data_analysis","boboppie","2012-08-09","2015-02-11",16,14,NA,"Other","2012"
"615","academia-citations","polynumeral","2015-05-07","2015-08-04",16,6,NA,"Other","2015"
"616","dplyr.sqlserver","hs3180","2014-01-28","2014-09-10",16,8,NA,"Other","2014"
"617","DBDA_hierach_diagram","tinu-schneider","2013-10-23","2013-12-03",16,4,NA,"Other","2013"
"618","svgPanZoom","timelyportfolio","2015-01-12","2015-08-20",16,4,"2015-07-16","CRAN","2015"
"619","googleanalytics4r","sorenmacbeth","2010-09-15","2010-09-18",16,0,NA,"Other","2010"
"620","IntroToDataScience","EasyD","2014-11-09","2014-11-24",16,21,NA,"Other","2014"
"621","xts","joshuaulrich","2015-02-26","2015-08-10",16,12,"2014-01-02","CRAN","2015"
"622","WikidataR","Ironholds","2015-02-01","2015-06-01",16,2,"2015-06-01","CRAN","2015"
"623","stylo","computationalstylistics","2013-05-24","2015-08-26",16,10,"2015-08-18","CRAN","2013"
"624","HTShape","kokrah","2014-12-30","2015-05-02",15,0,NA,"Other","2014"
"625","dsp-scalding","alaiacano","2013-09-16","2013-10-17",15,1,NA,"Other","2013"
"626","tutorial-201209-TDWI-big-data","jeffreybreen","2012-09-14","2013-04-08",15,13,NA,"Other","2012"
"627","kea","rgrannell1","2013-08-23","2015-02-26",15,4,NA,"Other","2013"
"628","doing_bayesian_data_analysis","matpalm","2012-12-25","2013-01-10",15,2,NA,"Other","2012"
"629","regulaR","jimhester","2014-09-22","2014-09-24",15,1,NA,"Other","2014"
"630","memuse","shinra-dev","2013-05-23","2015-07-03",15,1,"2015-07-02","CRAN","2013"
"631","wcmig","gjabel","2014-06-05","2014-08-11",15,16,NA,"Other","2014"
"632","UBCadv-r","aammd","2014-06-26","2014-12-02",15,21,NA,"Other","2014"
"633","neo4j-python-r","nicolewhite","2014-09-10","2015-08-10",15,7,NA,"Other","2014"
"634","switchr","gmbecker","2014-07-18","2015-08-11",15,1,"2015-07-02","CRAN","2014"
"635","ctv-hpc","eddelbuettel","2014-11-29","2015-07-25",15,7,NA,"Other","2014"
"636","shiny-server","daattali","2015-05-13","2015-07-13",15,19,NA,"Other","2015"
"637","Quartile-frame-Scatterplot","bearloga","2012-06-21","2015-03-23",15,3,NA,"Other","2012"
"638","twitter_ideology","pablobarbera","2013-12-27","2015-07-12",15,8,NA,"Other","2013"
"639","simsem","simsem","2012-05-11","2015-08-26",15,5,"2015-06-29","CRAN","2012"
"640","makeR","jbryer","2012-01-05","2013-06-17",15,13,NA,"Other","2012"
"641","gsheet","maxconway","2015-03-05","2015-05-11",15,0,"2015-03-10","CRAN","2015"
"642","learningr","richierocks","2013-09-13","2015-02-09",15,14,"2013-11-06","CRAN","2013"
"643","coffeewheel","armish","2014-12-31","2015-04-20",15,6,NA,"Other","2014"
"644","SparkRext","hoxo-m","2015-06-30","2015-08-03",15,0,NA,"Other","2015"
"645","gp-r","pivotalsoftware","2013-03-06","2015-07-16",15,18,NA,"Other","2013"
"646","treemap","mtennekes","2013-02-21","2015-08-18",15,8,"2015-06-26","CRAN","2013"
"647","apple","kjhealy","2015-04-29","2015-07-22",15,2,"2012-01-20","CRAN","2015"
"648","metagenomeSeq","HCBravoLab","2013-03-13","2015-08-20",15,3,NA,"Other","2013"
"649","fbRads","cardcorp","2015-06-14","2015-08-17",15,3,NA,"Other","2015"
"650","ckanr","ropensci","2014-11-12","2015-08-21",15,6,NA,"Other","2014"
"651","google-analytics-premium-bigquery-statistics","GoogleCloudPlatform","2015-06-30","2015-07-11",15,3,NA,"Other","2015"
"652","sdml","road2stat","2011-12-03","2015-08-24",15,6,NA,"Other","2011"
"653","sleuth","pachterlab","2015-02-13","2015-08-26",15,4,NA,"Other","2015"
"654","data-counties","hadley","2008-11-06","2009-04-27",15,4,NA,"Other","2008"
"655","Data","ibartomeus","2014-01-20","2014-08-08",15,7,NA,"Other","2014"
"656","FixCache","SoftwareIntrospectionLab","2010-12-02","2012-03-13",15,6,NA,"Other","2010"
"657","rPlotter","woobe","2014-04-10","2014-09-27",15,1,NA,"Other","2014"
"658","catsplainr","hilaryparker","2015-03-27","2015-07-21",15,8,NA,"Other","2015"
"659","RforProteomics","lgatto","2012-09-10","2015-06-11",15,8,NA,"Other","2012"
"660","metvurst","tim-salabim","2013-02-17","2014-08-26",15,11,NA,"Other","2013"
"661","cv.ts","zachmayer","2012-06-11","2015-03-04",15,1,NA,"Other","2012"
"662","pforeach","hoxo-m","2014-11-13","2015-04-24",15,2,NA,"Other","2014"
"663","yarn-monitoring","sequenceiq","2014-03-31","2014-09-16",15,4,NA,"Other","2014"
"664","rugsmaps","woobe","2014-08-02","2014-08-29",15,18,NA,"Other","2014"
"665","spacetime","edzer","2013-09-25","2015-08-15",15,9,"2015-04-24","CRAN","2013"
"666","ascii","eusebe","2009-03-16","2015-03-04",15,3,"2011-09-29","CRAN","2009"
"667","Rmonkey","leeper","2014-05-10","2015-08-25",15,3,"2015-03-31","CRAN","2014"
"668","shinyga","MarkEdmondson1234","2015-03-07","2015-08-12",15,3,NA,"Other","2015"
"669","spatial-microsim-book","Robinlovelace","2014-09-11","2015-08-25",15,20,NA,"Other","2014"
"670","FredR","jcizel","2015-02-13","2015-08-22",15,10,NA,"Other","2015"
"671","R-nREPL","vspinu","2014-11-26","2015-04-08",15,1,NA,"Other","2014"
"672","fftiers","borisachen","2014-08-03","2015-08-20",15,11,NA,"Other","2014"
"673","traits","ropensci","2014-04-09","2015-08-05",15,4,"2015-06-12","CRAN","2014"
"674","ggvegan","gavinsimpson","2013-04-21","2015-08-26",15,8,NA,"Other","2013"
"675","cachesweave","rdpeng","2009-02-04","2013-09-05",14,3,NA,"Other","2009"
"676","Rrenren_Rweibo","yibochen","2012-07-05","2013-02-03",14,10,NA,"Other","2012"
"677","derfinder","leekgroup","2012-12-06","2015-03-06",14,10,NA,"Other","2012"
"678","swfdr","jtleek","2012-12-07","2013-03-07",14,17,NA,"Other","2012"
"679","multiway_bootstrap","deaneckles","2012-04-09","2013-07-18",14,2,NA,"Other","2012"
"680","Homicide-MX-Drug-War","diegovalle","2010-02-12","2010-11-27",14,6,NA,"Other","2010"
"681","hilary","hilaryparker","2014-05-26","2014-05-26",14,4,NA,"Other","2014"
"682","WebScraping","fredheir","2013-12-26","2015-07-17",14,12,NA,"Other","2013"
"683","bayes-net-r-hadoop","ofermend","2014-05-10","2014-06-06",14,16,NA,"Other","2014"
"684","R-hacks","aufrank","2011-02-24","2014-09-21",14,9,NA,"Other","2011"
"685","ShinyChat","trestletech","2014-01-09","2015-04-03",14,13,NA,"Other","2014"
"686","weiBor","yibochen","2013-02-04","2013-07-05",14,11,NA,"Other","2013"
"687","book-r1","bsspirit","2014-05-05","2015-07-22",14,10,NA,"Other","2014"
"688","imputation","jeffwong","2012-08-04","2013-10-03",14,11,NA,"Other","2012"
"689","PM25Plot","KehaoWu","2015-02-03","2015-03-09",14,12,NA,"Other","2015"
"690","bfastSpatial","dutri001","2014-04-06","2015-05-17",14,12,NA,"Other","2014"
"691","semPlot","SachaEpskamp","2012-09-11","2015-07-31",14,2,"2014-08-15","CRAN","2012"
"692","remoji","richfitz","2015-02-13","2015-02-13",14,1,NA,"Other","2015"
"693","REmap","Lchiffon","2015-07-21","2015-08-22",14,12,NA,"Other","2015"
"694","som_visualization_r","geoss","2013-12-27","2013-12-29",14,4,NA,"Other","2013"
"695","mirtCAT","philchalmers","2014-08-14","2015-08-26",14,5,"2015-05-09","CRAN","2014"
"696","rfinance2012","milktrader","2012-05-10","2012-08-15",14,8,NA,"Other","2012"
"697","socialR","cboettig","2010-12-11","2013-09-11",14,4,NA,"Other","2010"
"698","cMonkey","dreiss-isb","2011-01-10","2014-12-09",14,5,NA,"Other","2011"
"699","PolitwoopsR","kateto","2015-03-28","2015-04-07",14,2,NA,"Other","2015"
"700","arrr","noamross","2014-09-19","2014-09-20",14,1,NA,"Other","2014"
"701","rCrimemap","woobe","2014-02-26","2014-06-06",14,5,NA,"Other","2014"
"702","stat243-fall-2013","paciorek","2013-08-27","2013-12-09",14,19,NA,"Other","2013"
"703","information-propagation","echen","2011-09-10","2011-09-10",14,5,NA,"Other","2011"
"704","Rdouban","qxde01","2013-02-18","2015-01-06",14,5,NA,"Other","2013"
"705","rnotebook","yihui","2014-12-26","2014-12-30",14,2,NA,"Other","2014"
"706","Social-Network-Analysis-in-R","aronlindberg","2012-04-18","2013-05-30",14,9,NA,"Other","2012"
"707","semTools","simsem","2012-05-17","2015-06-30",14,3,"2015-06-29","CRAN","2012"
"708","shiny-gridster","wch","2013-05-07","2013-06-27",14,15,NA,"Other","2013"
"709","digitize","tpoisot","2012-01-07","2013-07-05",14,3,NA,"Other","2012"
"710","GTrendsR","dvanclev","2014-06-05","2014-06-05",14,5,NA,"Other","2014"
"711","prettyunits","gaborcsardi","2014-10-03","2015-07-13",14,1,"2015-07-13","CRAN","2014"
"712","cjkvi-ids","cjkvi","2011-05-23","2015-07-16",14,9,NA,"Other","2011"
"713","NMF","renozao","2013-06-09","2015-06-17",14,6,"2015-05-26","CRAN","2013"
"714","rsalad","daattali","2014-11-14","2015-05-06",14,1,NA,"Other","2014"
"715","aprof","MarcoDVisser","2013-06-24","2015-07-20",14,1,"2015-07-20","CRAN","2013"
"716","downloader","wch","2012-10-27","2015-08-12",14,4,"2015-07-09","CRAN","2012"
"717","rsquared.glmm","jslefche","2013-10-10","2015-08-18",14,12,NA,"Other","2013"
"718","woe","tomasgreif","2013-07-09","2015-08-03",14,12,"2015-07-28","CRAN","2013"
"719","nycflights13","hadley","2014-06-27","2015-06-08",14,10,"2014-07-22","CRAN","2014"
"720","sparkTable","alexkowa","2013-10-03","2015-08-22",14,7,"2015-04-20","CRAN","2013"
"721","RcppR6","richfitz","2014-07-25","2015-08-14",14,3,NA,"Other","2014"
"722","RiA2","kabacoff","2015-05-05","2015-07-13",14,28,NA,"Other","2015"
"723","hts","robjhyndman","2013-11-22","2015-08-24",14,7,"2015-06-29","CRAN","2013"
"724","dotwhisker","fsolt","2015-07-14","2015-08-27",14,0,"2015-07-28","CRAN","2015"
"725","opencpu.demo-legacy","jeroenooms","2012-01-21","2013-08-26",13,5,NA,"Other","2012"
"726","BlueSNP","ibm-bioinformatics","2012-07-17","2014-04-14",13,4,NA,"Other","2012"
"727","adobecolor","hrbrmstr","2015-03-20","2015-03-21",13,0,NA,"Other","2015"
"728","eurovision","mewo2","2012-05-20","2012-05-30",13,2,NA,"Other","2012"
"729","GADS4","arahuja","2013-06-04","2013-08-12",13,10,NA,"Other","2013"
"730","ngramr","seancarmody","2013-07-06","2015-04-13",13,2,"2014-08-31","CRAN","2013"
"731","openfda","rOpenHealth","2015-02-11","2015-06-01",13,5,NA,"Other","2015"
"732","TrendAnalysis","rich-iannone","2015-05-30","2015-06-02",13,0,NA,"Other","2015"
"733","rlogging","mjkallen","2013-09-13","2014-03-28",13,1,NA,"Other","2013"
"734","optparse","trevorld","2013-05-04","2015-04-23",13,5,"2014-12-11","CRAN","2013"
"735","bubbles","jcheng5","2015-01-18","2015-02-07",13,6,NA,"Other","2015"
"736","ctv-finance","eddelbuettel","2014-11-29","2015-07-26",13,10,NA,"Other","2014"
"737","learning-shiny","Robinlovelace","2015-01-20","2015-01-27",13,8,NA,"Other","2015"
"738","spade","nolanlab","2011-08-29","2015-08-19",13,9,NA,"Other","2011"
"739","rdryad","ropensci","2012-02-21","2015-06-28",13,5,"2013-01-30","CRAN","2012"
"740","matR","MG-RAST","2012-03-13","2014-12-22",13,5,"2014-10-23","CRAN","2012"
"741","bioinformatics-career-survey","michaelbarton","2008-09-01","2012-03-18",13,5,NA,"Other","2008"
"742","dart-throwing-chimp","ulfelder","2013-07-26","2015-08-24",13,16,NA,"Other","2013"
"743","rebird","ropensci","2012-02-09","2015-08-25",13,3,"2015-07-09","CRAN","2012"
"744","R-kinetics","PacificBiosciences","2011-10-20","2013-07-10",13,1,NA,"Other","2011"
"745","h5","mannau","2014-12-08","2015-08-26",13,1,"2015-08-11","CRAN","2014"
"746","packagedocs","hafen","2015-02-17","2015-05-06",13,2,NA,"Other","2015"
"747","prediction-strength","echen","2011-01-28","2011-02-17",13,3,NA,"Other","2011"
"748","chimp","ttunguz","2013-09-30","2013-09-30",13,0,NA,"Other","2013"
"749","t-shirt","user2014","2014-05-15","2014-06-04",13,16,NA,"Other","2014"
"750","RedshiftRDBA","guyernest","2013-11-30","2014-05-05",13,0,NA,"Other","2013"
"751","quickscraper","noamross","2014-07-04","2014-07-22",13,0,NA,"Other","2014"
"752","AQStats","rich-iannone","2013-10-31","2013-11-21",13,2,NA,"Other","2013"
"753","glassbox","google","2014-07-17","2014-08-03",13,2,NA,"Other","2014"
"754","ROAuth","geoffjentry","2011-08-10","2015-08-18",13,15,"2015-02-13","CRAN","2011"
"755","radx","quantumelixir","2010-05-28","2010-08-14",13,2,NA,"Other","2010"
"756","mapDK","sebastianbarfort","2015-01-30","2015-02-24",13,1,"2015-02-22","CRAN","2015"
"757","SHINYstan","jgabry","2014-10-19","2015-02-25",13,2,NA,"Other","2014"
"758","R_in_Insurance_2013","mages","2013-07-28","2013-10-22",13,13,NA,"Other","2013"
"759","uk-elections","kjhealy","2015-05-08","2015-05-14",13,9,NA,"Other","2015"
"760","cdkr","rajarshi","2010-05-01","2015-07-26",13,10,NA,"Other","2010"
"761","eurostat","rOpenGov","2014-04-21","2015-07-31",13,9,"2015-03-27","CRAN","2014"
"762","nytinteractive","rcharts","2013-04-23","2013-04-23",13,14,NA,"Other","2013"
"763","htmltools","rstudio","2014-04-03","2015-05-25",13,8,"2014-09-08","CRAN","2014"
"764","nfl-drives","seanjtaylor","2014-10-01","2014-10-05",13,3,NA,"Other","2014"
"765","meetups","olympo","2015-04-22","2015-08-14",13,4,NA,"Other","2015"
"766","h2o-meetups","h2oai","2015-01-22","2015-08-03",13,7,NA,"Other","2015"
"767","RotationForest","ajverster","2013-04-10","2013-04-10",13,3,NA,"Other","2013"
"768","gpuR","cdeterman","2015-03-20","2015-08-25",13,0,NA,"Other","2015"
"769","staTeX","SachaEpskamp","2011-11-19","2013-11-01",12,3,NA,"Other","2011"
"770","granovaGG","briandk","2011-01-06","2015-01-01",12,3,"2015-01-01","CRAN","2011"
"771","dou_pl_questionare","rssh","2010-12-14","2015-02-09",12,2,NA,"Other","2010"
"772","zendeskR","tcash21","2012-07-11","2014-02-21",12,3,"2014-02-21","CRAN","2012"
"773","rHealthDataGov","rOpenHealth","2014-03-28","2014-12-29",12,11,"2014-06-02","CRAN","2014"
"774","dtupdate","hrbrmstr","2014-08-21","2014-08-31",12,1,NA,"Other","2014"
"775","SimpleLDA-R","cjrd","2014-02-12","2014-02-19",12,4,NA,"Other","2014"
"776","democracy-measurement-model","ulfelder","2014-09-11","2015-05-12",12,2,NA,"Other","2014"
"777","autoplot","jiho","2012-07-05","2015-03-04",12,3,NA,"Other","2012"
"778","Sermon-Sentiment-Analysis","trestletech","2012-03-31","2012-03-31",12,9,NA,"Other","2012"
"779","qualtrics","jbryer","2012-01-26","2012-11-05",12,9,NA,"Other","2012"
"780","rfoaas","eddelbuettel","2013-07-20","2015-06-12",12,4,"2015-06-01","CRAN","2013"
"781","communitymedcare","mcdlee","2014-01-22","2015-06-20",12,2,NA,"Other","2014"
"782","teamlucc","azvoleff","2013-08-23","2015-05-18",12,7,NA,"Other","2013"
"783","tidy-data","justmarkham","2014-03-09","2014-03-09",12,15,NA,"Other","2014"
"784","Kaggle_Loan_Default_Prediction","ChenglongChen","2014-03-15","2014-03-15",12,8,NA,"Other","2014"
"785","dayofarchaeology","benmarwick","2013-07-28","2014-05-29",12,6,NA,"Other","2013"
"786","quantstrat","R-Finance","2014-06-14","2015-04-10",12,12,NA,"Other","2014"
"787","rappdirs","hadley","2012-08-10","2014-09-02",12,4,"2014-09-02","CRAN","2012"
"788","paleobioDB","ropensci","2014-01-24","2015-07-16",12,6,"2014-11-24","CRAN","2014"
"789","treemapify","wilkox","2014-01-30","2015-07-23",12,4,NA,"Other","2014"
"790","WRS","nicebread","2014-02-17","2015-05-18",12,4,NA,"Other","2014"
"791","rt","rdatsci","2015-05-20","2015-07-28",12,0,NA,"Other","2015"
"792","omdbapi","hrbrmstr","2015-06-16","2015-06-17",12,2,NA,"Other","2015"
"793","SPSStoR","lebebr01","2013-01-25","2015-07-30",12,7,NA,"Other","2013"
"794","MAST","RGLab","2012-09-11","2015-06-13",12,4,NA,"Other","2012"
"795","diffr","petermeissner","2014-09-11","2015-08-01",12,0,NA,"Other","2014"
"796","weatherData","Ram-N","2014-01-16","2015-08-07",12,8,"2014-06-24","CRAN","2014"
"797","repmis","christophergandrud","2013-01-31","2015-06-03",12,7,"2015-06-03","CRAN","2013"
"798","LOLA","sheffien","2014-11-13","2015-08-26",12,2,NA,"Other","2014"
"799","tigris","walkerke","2015-06-16","2015-08-17",12,2,NA,"Other","2015"
"800","rstanarm","stan-dev","2013-07-16","2015-08-25",12,3,NA,"Other","2013"
"801","knitr-talks","yihui","2012-06-01","2014-07-06",12,22,NA,"Other","2012"
"802","code4cos","hetong007","2013-09-22","2013-09-22",12,14,NA,"Other","2013"
"803","githubdata","kafka399","2012-05-15","2012-05-15",12,3,NA,"Other","2012"
"804","tile-simcf","chrisadolph","2012-01-29","2015-05-14",12,9,NA,"Other","2012"
"805","FX-Git","dennislwm","2011-09-27","2013-05-01",12,26,NA,"Other","2011"
"806","aRxiv","ropensci","2014-03-04","2015-06-15",12,3,"2015-05-27","CRAN","2014"
"807","licorice","Bart6114","2015-06-16","2015-06-16",12,4,NA,"Other","2015"
"808","Rwordseg","lijian13","2014-09-10","2014-09-10",12,4,NA,"Other","2014"
"809","genderizeR","kalimu","2014-09-12","2015-07-05",12,0,"2015-07-05","CRAN","2014"
"810","VizGrimoireR","VizGrimoire","2012-08-21","2015-07-23",12,9,NA,"Other","2012"
"811","crandb","metacran","2014-08-18","2015-05-18",12,0,NA,"Other","2014"
"812","arrayfire-r","arrayfire","2014-03-12","2015-07-30",12,2,NA,"Other","2014"
"813","rsnps","ropensci","2012-01-19","2015-08-05",12,4,"2015-03-03","CRAN","2012"
"814","minfi","kasperdanielhansen","2014-02-09","2015-07-31",12,18,NA,"Other","2014"
"815","Risa","ISA-tools","2011-03-07","2015-05-27",12,5,NA,"Other","2011"
"816","AutomatedForecastingWithShiny","pmaier1971","2014-03-31","2015-05-14",12,20,NA,"Other","2014"
"817","ChemicalCompounds","rich-iannone","2014-05-19","2015-06-06",12,1,NA,"Other","2014"
"818","15-state-of-the-union","hadley","2015-08-09","2015-08-10",12,2,NA,"Other","2015"
"819","dvn","ropensci","2013-06-09","2015-06-02",12,4,"2013-12-02","CRAN","2013"
"820","fueleconomy","hadley","2014-05-29","2014-07-22",12,6,"2014-07-22","CRAN","2014"
"821","ggplotLive","mdec","2014-01-05","2014-01-30",12,5,NA,"Other","2014"
"822","15-student-papers","hadley","2015-08-11","2015-08-21",12,0,NA,"Other","2015"
"823","BiocParallel","Bioconductor","2012-11-14","2015-08-21",12,10,NA,"Other","2012"
"824","rssa","asl","2009-03-27","2015-08-23",12,12,NA,"Other","2009"
"825","prism","ropensci","2014-03-25","2015-08-24",12,5,NA,"Other","2014"
"826","gRAN","gmbecker","2014-06-07","2015-08-26",12,2,NA,"Other","2014"
"827","gggraph","sckott","2011-05-22","2011-11-13",11,2,NA,"Other","2011"
"828","redditscraper","ctaggart878","2013-09-03","2013-09-05",11,6,NA,"Other","2013"
"829","osm-makeroads","lordsutch","2012-07-23","2012-12-11",11,1,NA,"Other","2012"
"830","rstudioapi","rstudio","2014-01-10","2015-04-06",11,1,"2015-04-07","CRAN","2014"
"831","nothing","romainfrancois","2014-07-25","2014-12-12",11,2,NA,"Other","2014"
"832","Make_Task","trinker","2015-02-10","2015-02-11",11,12,NA,"Other","2015"
"833","R","datadolphyn","2013-06-12","2013-11-19",11,10,NA,"Other","2013"
"834","BrowseLDA","tedunderwood","2012-03-13","2012-04-01",11,9,NA,"Other","2012"
"835","alluvial","mbojan","2014-03-27","2014-12-02",11,5,NA,"Other","2014"
"836","testapp","wch","2013-04-06","2014-08-15",11,8,NA,"Other","2013"
"837","greenpipeR","rdinnager","2014-06-25","2014-06-30",11,1,NA,"Other","2014"
"838","ggplyr","garrettgman","2012-05-20","2012-08-16",11,2,NA,"Other","2012"
"839","rfisheries","ropensci","2011-10-31","2015-06-30",11,7,"2014-02-18","CRAN","2011"
"840","croixrouge","dataforgoodfr","2015-04-04","2015-07-01",11,10,NA,"Other","2015"
"841","R","shawngraham","2013-08-19","2014-02-21",11,11,NA,"Other","2013"
"842","uniqtag","sjackman","2014-06-20","2015-04-28",11,1,"2015-04-29","CRAN","2014"
"843","user2015","jcheng5","2015-07-02","2015-07-02",11,0,NA,"Other","2015"
"844","js","jeroenooms","2015-01-10","2015-02-25",11,2,"2015-02-24","CRAN","2015"
"845","lineSampler","wrathematics","2015-02-25","2015-07-16",11,0,NA,"Other","2015"
"846","rafalib","ririzarr","2014-01-12","2015-08-10",11,19,"2015-08-09","CRAN","2014"
"847","filehash","rdpeng","2008-05-07","2015-08-15",11,31,"2015-08-16","CRAN","2008"
"848","SpiecEasi","zdk123","2014-05-01","2015-08-04",11,6,NA,"Other","2014"
"849","snowplow-tco-model","snowplow","2013-09-26","2013-10-17",11,2,NA,"Other","2013"
"850","Coursera-Computing-for-Data-Analysis","Xiaodan","2013-01-07","2015-02-01",11,42,NA,"Other","2013"
"851","earlywarnings-R","earlywarningtoolbox","2013-02-18","2015-07-05",11,4,NA,"Other","2013"
"852","6-25-2015-Statistical-Programming-DC","ekoziol","2015-06-26","2015-06-30",11,12,NA,"Other","2015"
"853","diss_proc","fawda123","2014-07-15","2014-07-15",11,7,NA,"Other","2014"
"854","ggfreehand","dgrtwo","2015-04-01","2015-04-01",11,1,NA,"Other","2015"
"855","R-Programming-Assignments-1--2--and-3-","muntasir2165","2014-06-29","2014-06-29",11,95,NA,"Other","2014"
"856","RcppRoll","kevinushey","2013-01-11","2015-04-09",11,3,"2015-04-05","CRAN","2013"
"857","Kmisc","kevinushey","2012-12-16","2014-09-24",11,6,"2013-12-13","CRAN","2012"
"858","gWidgets2","jverzani","2011-09-28","2015-06-15",11,4,"2015-06-15","CRAN","2011"
"859","mlb-payroll-and-wins","glamp","2015-07-20","2015-07-20",11,8,NA,"Other","2015"
"860","stat243-fall-2014","berkeley-stat243","2014-08-26","2015-06-03",11,16,NA,"Other","2014"
"861","dplyr-spark","RevolutionAnalytics","2015-05-20","2015-08-24",11,2,NA,"Other","2015"
"862","pollstR","dlinzer","2012-07-06","2012-08-09",11,4,"2015-07-01","CRAN","2012"
"863","sinartra","hadley","2010-05-01","2011-10-16",11,1,NA,"Other","2010"
"864","ExploraVisualizaconR","fcharte","2014-08-05","2015-02-12",11,0,NA,"Other","2014"
"865","LaF","djvanderlaan","2013-04-24","2015-01-28",11,2,"2015-01-28","CRAN","2013"
"866","didYouMean","samcarlos","2014-05-22","2014-05-28",11,3,NA,"Other","2014"
"867","CompStats","jbryer","2012-10-17","2013-02-28",11,6,NA,"Other","2012"
"868","dockr","wch","2014-10-07","2015-02-02",11,2,NA,"Other","2014"
"869","irutils","jbryer","2011-11-09","2013-01-14",11,3,NA,"Other","2011"
"870","lambda.tools","zatonovo","2013-08-15","2015-06-09",11,4,"2015-06-09","CRAN","2013"
"871","scraply","abelsonlive","2013-04-13","2013-05-21",11,3,NA,"Other","2013"
"872","plotluck","stefan-schroedl","2014-10-08","2015-04-16",11,3,NA,"Other","2014"
"873","midasr","mpiktas","2012-03-14","2015-07-29",11,4,"2015-07-16","CRAN","2012"
"874","ParamHelpers","berndbischl","2013-05-07","2015-08-20",11,3,"2015-02-03","CRAN","2013"
"875","Seed","ibest","2013-09-06","2015-04-18",11,5,NA,"Other","2013"
"876","r_tutorials","ekonlab","2013-02-12","2014-12-11",11,11,NA,"Other","2013"
"877","sofa","ropensci","2013-04-20","2015-08-05",11,3,NA,"Other","2013"
"878","download-maps12","diegovalle","2013-02-16","2013-06-04",11,12,NA,"Other","2013"
"879","methylKit","al2na","2013-12-24","2015-07-27",11,16,NA,"Other","2013"
"880","dockertest","traitecoevo","2015-02-17","2015-07-14",11,1,NA,"Other","2015"
"881","dga","jayjacobs","2014-09-28","2014-09-30",11,2,"2015-04-16","CRAN","2014"
"882","RMallet","mimno","2014-05-02","2015-08-08",11,3,NA,"Other","2014"
"883","htmltab","crubba","2014-10-25","2015-08-06",11,3,"2015-07-22","CRAN","2014"
"884","opencontext","ropensci","2015-03-24","2015-04-02",11,0,NA,"Other","2015"
"885","monocle-release","cole-trapnell-lab","2014-07-04","2015-04-17",11,5,NA,"Other","2014"
"886","blackspot","blmoore","2015-05-16","2015-06-23",11,2,NA,"Other","2015"
"887","WPTRunner","tomjbarker","2012-05-28","2012-06-18",11,1,NA,"Other","2012"
"888","stegasaur","richfitz","2015-06-13","2015-07-13",11,1,NA,"Other","2015"
"889","ml-examples","petewerner","2012-01-16","2014-09-22",11,11,NA,"Other","2012"
"890","lint","halpo","2012-03-22","2014-06-04",11,4,"2013-04-03","CRAN","2012"
"891","bioc_docker","Bioconductor","2014-12-22","2015-07-16",11,1,NA,"Other","2014"
"892","testthatsomemore","robertzk","2014-03-05","2015-04-18",11,3,"2014-08-26","CRAN","2014"
"893","KeystrokeDynamics.JS","s3cur3","2012-08-30","2012-11-30",11,3,NA,"Other","2012"
"894","mlrMBO","berndbischl","2013-10-23","2015-08-18",11,2,NA,"Other","2013"
"895","Rsenal","environmentalinformatics-marburg","2013-08-25","2015-08-18",11,5,NA,"Other","2013"
"896","cranview","dgrtwo","2015-03-06","2015-03-25",11,3,NA,"Other","2015"
"897","rPython-win","cjgb","2013-11-18","2015-03-20",11,2,NA,"Other","2013"
"898","FAOSTATpackage","mkao006","2013-04-29","2015-06-02",11,6,NA,"Other","2013"
"899","statnetWeb","statnet","2014-06-24","2015-08-24",11,11,"2015-08-21","CRAN","2014"
"900","twitter_popup_analytics","mylesmharrison","2014-10-21","2014-10-21",11,3,NA,"Other","2014"
"901","splitstackshape","mrdwab","2013-08-12","2015-03-08",11,6,"2014-10-23","CRAN","2013"
"902","RTutor","skranz","2013-07-25","2015-08-26",11,4,NA,"Other","2013"
"903","merTools","jknowles","2015-04-16","2015-08-25",11,4,"2015-08-12","CRAN","2015"
"904","plumbr","ggobi","2010-10-01","2014-02-22",10,0,"2014-02-22","CRAN","2010"
"905","raconteur","jeffreyhorner","2010-10-21","2011-01-24",10,1,NA,"Other","2010"
"906","RTradingStrategies","javagg","2012-06-30","2012-08-20",10,10,NA,"Other","2012"
"907","mutable","erikriverson","2012-07-10","2013-10-07",10,2,NA,"Other","2012"
"908","Workshops","MontrealRUserGroup","2012-03-19","2012-11-13",10,2,NA,"Other","2012"
"909","rdatastream","fcocquemas","2012-07-22","2013-06-13",10,1,NA,"Other","2012"
"910","nhs-prescription-analytics","MastodonC","2012-12-02","2012-12-03",10,7,NA,"Other","2012"
"911","deepnet","cran","2014-03-20","2014-03-20",10,7,"2014-03-20","CRAN","2014"
"912","soccer-prediction-2014","codecentric","2014-05-08","2014-06-28",10,4,NA,"Other","2014"
"913","Shiny_Health_Data","muschellij2","2013-05-08","2013-05-09",10,8,NA,"Other","2013"
"914","mistnet","davharris","2013-07-07","2015-06-06",10,1,NA,"Other","2013"
"915","InteractiveLogisticRegression","tonyfischetti","2014-07-24","2014-07-24",10,2,NA,"Other","2014"
"916","oligoOld","benilton","2012-01-24","2015-04-17",10,6,NA,"Other","2012"
"917","ggplotly","tdhock","2014-02-25","2014-03-10",10,3,NA,"Other","2014"
"918","aetheRa","rich-iannone","2013-12-26","2015-01-26",10,0,NA,"Other","2013"
"919","harbor","wch","2014-10-22","2015-01-08",10,1,NA,"Other","2014"
"920","Kaggle_Walmart-Recruiting-Store-Sales-Forecasting","ChenglongChen","2014-05-06","2014-05-06",10,14,NA,"Other","2014"
"921","biobroom","dgrtwo","2014-10-02","2015-03-27",10,0,NA,"Other","2014"
"922","gggeom","rstudio","2014-10-07","2014-11-17",10,4,NA,"Other","2014"
"923","r-logging","mfrasca","2012-04-20","2015-06-23",10,6,NA,"Other","2012"
"924","asb_datasets","abresler","2013-11-23","2015-02-28",10,6,NA,"Other","2013"
"925","Ranking","rossb34","2012-09-12","2013-02-20",10,11,NA,"Other","2012"
"926","ShinyMongo","comsysto","2013-06-18","2013-06-18",10,8,NA,"Other","2013"
"927","d3ShinyExample","christophergandrud","2014-05-07","2014-05-11",10,10,NA,"Other","2014"
"928","abbyyR","soodoku","2015-06-01","2015-08-08",10,0,"2015-06-12","CRAN","2015"
"929","R-bizdays","wilsonfreitas","2013-09-01","2015-06-25",10,2,NA,"Other","2013"
"930","kaggle","mlandry22","2013-10-02","2015-06-01",10,16,NA,"Other","2013"
"931","shinyMethyl","Jfortin1","2013-08-23","2015-04-17",10,7,NA,"Other","2013"
"932","standardizecountries","dsself","2015-07-08","2015-08-01",10,0,NA,"Other","2015"
"933","rEHR","rOpenHealth","2014-02-05","2015-07-29",10,1,NA,"Other","2014"
"934","pax","trinker","2015-03-02","2015-07-31",10,1,NA,"Other","2015"
"935","rego","intuit","2014-04-08","2015-08-21",10,6,NA,"Other","2014"
"936","TurtleGraphics","Rexamine","2014-03-10","2015-05-19",10,7,"2014-10-07","CRAN","2014"
"937","enigma","rOpenGov","2014-04-18","2015-08-05",10,1,"2015-07-08","CRAN","2014"
"938","argufy","gaborcsardi","2015-08-10","2015-08-18",10,1,NA,"Other","2015"
"939","optmatch","markmfredrickson","2011-06-02","2015-08-18",10,4,"2015-07-31","CRAN","2011"
"940","transduceR","dirkschumacher","2015-05-09","2015-08-14",10,0,NA,"Other","2015"
"941","gampost","klarsen1","2015-06-20","2015-07-31",10,7,NA,"Other","2015"
"942","productplots","hadley","2009-11-26","2013-07-18",10,3,NA,"Other","2009"
"943","nhl_analysis","thercast","2012-06-20","2013-04-22",10,5,NA,"Other","2012"
"944","sandy","hrbrmstr","2012-10-28","2013-08-17",10,4,NA,"Other","2012"
"945","visnab","tengfei","2011-02-28","2013-04-05",10,2,NA,"Other","2011"
"946","average-tracks","dittaeva","2011-08-29","2014-01-31",10,0,NA,"Other","2011"
"947","dev-sea-el","vsbuffalo","2015-03-28","2015-04-06",10,1,NA,"Other","2015"
"948","overflow","sebastian-c","2013-03-24","2015-05-30",10,9,NA,"Other","2013"
"949","Learning-from-Data","fivesheep","2012-06-16","2012-06-27",10,4,NA,"Other","2012"
"950","R-Training","wise-r","2014-09-28","2014-12-09",10,6,NA,"Other","2014"
"951","Amelia","IQSS","2012-12-19","2015-07-14",10,3,"2014-11-15","CRAN","2012"
"952","dfr-analysis","agoldst","2012-11-12","2014-04-17",10,8,NA,"Other","2012"
"953","diamonds-data","SolomonMg","2014-01-18","2014-01-22",10,10,NA,"Other","2014"
"954","dataMineR","hugokoopmans","2013-02-21","2013-12-13",10,6,NA,"Other","2013"
"955","sparklines","Bart6114","2015-04-09","2015-04-13",10,1,NA,"Other","2015"
"956","dplyrExtras","skranz","2014-05-25","2015-07-16",10,3,NA,"Other","2014"
"957","UseBioconductor","Bioconductor","2015-01-28","2015-04-07",10,3,NA,"Other","2015"
"958","MODISTools","seantuck12","2012-08-09","2015-07-22",10,14,"2015-01-21","CRAN","2012"
"959","densityClust","thomasp85","2014-07-07","2015-08-13",10,9,"2014-07-21","CRAN","2014"
"960","MSG","yihui","2011-02-06","2014-09-08",10,3,"2012-08-19","CRAN","2011"
"961","ChemoSpec","bryanhanson","2009-10-15","2015-07-30",10,8,"2015-07-24","CRAN","2009"
"962","ggtern","nicholasehamilton","2013-12-12","2015-08-07",10,6,"2015-08-03","CRAN","2013"
"963","rgallery","dgrtwo","2015-03-28","2015-03-30",10,0,NA,"Other","2015"
"964","CrossfitRankings","swiftsam","2014-03-25","2015-04-08",10,9,NA,"Other","2014"
"965","shinyMA","mikelove","2014-07-23","2015-06-18",10,4,NA,"Other","2014"
"966","RImpala","Mu-Sigma","2014-02-24","2015-05-11",10,4,"2015-05-07","CRAN","2014"
"967","StopAndFrisk","stablemarkets","2015-06-22","2015-06-23",10,8,NA,"Other","2015"
"968","BatchExperiments","tudo-r","2013-11-05","2015-07-16",10,4,"2015-03-18","CRAN","2013"
"969","BulletGraph","sipemu","2014-02-11","2015-02-10",10,8,NA,"Other","2014"
"970","highfrequency","jonathancornelissen","2012-12-24","2013-12-24",10,12,"2014-11-28","CRAN","2012"
"971","ProgLangVisualise","mjwillson","2012-05-09","2012-05-09",10,1,NA,"Other","2012"
"972","webreadr","Ironholds","2015-03-15","2015-07-16",10,1,"2015-07-16","CRAN","2015"
"973","sabr","mdlee12","2015-07-13","2015-07-14",10,0,NA,"Other","2015"
"974","BoxPlotR.shiny","VizWizard","2014-03-13","2015-07-23",10,11,NA,"Other","2014"
"975","sqlutils","jbryer","2012-11-01","2015-07-01",10,4,"2014-11-19","CRAN","2012"
"976","musemeta","ropensci","2014-11-11","2015-08-08",10,2,NA,"Other","2014"
"977","pushoverr","briandconnelly","2014-03-28","2014-11-06",10,1,"2014-11-06","CRAN","2014"
"978","praise","gaborcsardi","2015-07-30","2015-08-03",10,0,"2015-08-11","CRAN","2015"
"979","Neliohinnat","reaktor","2014-12-09","2015-06-11",10,1,NA,"Other","2014"
"980","testit","yihui","2013-06-26","2015-06-10",10,2,"2014-12-20","CRAN","2013"
"981","geonames","ropensci","2014-05-04","2014-12-23",10,0,"2014-12-19","CRAN","2014"
"982","MALDIquant","sgibb","2012-10-07","2015-08-11",10,1,"2015-06-11","CRAN","2012"
"983","lucy","robertness","2015-02-25","2015-08-12",10,2,NA,"Other","2015"
"984","dendextendRcpp","talgalili","2013-08-16","2015-05-22",10,2,"2015-05-22","CRAN","2013"
"985","graticule","mdsumner","2015-05-05","2015-08-21",10,0,"2015-08-20","CRAN","2015"
"986","datapackage","ropensci","2014-09-04","2015-08-20",10,4,NA,"Other","2014"
"987","Rtraining","stephlocke","2015-01-19","2015-08-21",10,3,NA,"Other","2015"
"988","rleafmap","fkeck","2015-01-14","2015-06-24",10,2,NA,"Other","2015"
"989","joyofdata-articles","joyofdata","2015-01-01","2015-08-12",10,10,NA,"Other","2015"
"990","reddit-comment-length","minimaxir","2015-07-08","2015-07-08",10,0,NA,"Other","2015"
"991","spatstat","spatstat","2014-08-11","2015-08-25",10,5,"2015-06-29","CRAN","2014"
"992","RUNNING","jeffreyhorner","2012-06-23","2015-08-25",10,3,NA,"Other","2012"
"993","rAltmetric","ropensci","2012-09-28","2015-02-26",10,5,"2014-12-04","CRAN","2012"
"994","poisson_sampling","cloudera","2013-02-25","2013-05-03",9,6,NA,"Other","2013"
"995","Renren","yibochen","2013-03-23","2013-09-17",9,11,NA,"Other","2013"
"996","teradataR","nonsleepr","2013-08-01","2014-02-26",9,22,NA,"Other","2013"
"997","match.edu","dssg","2013-08-20","2013-11-17",9,3,NA,"Other","2013"
"998","SeeClickPredictFix","BlindApe","2014-01-03","2014-01-05",9,8,NA,"Other","2014"
"999","fxaa","Inpirical","2014-09-19","2014-09-20",9,17,NA,"Other","2014"
"1000","StochasticPrecipitation","RationShop","2013-05-14","2013-05-15",9,10,NA,"Other","2013"
